Name,2_March
20 Microns,149.65
21st Century Mgmt,48.45
360 One Wam,726.85
3B Blackbio Dx,847.25
3i Infotech,49.25
3M India,31837.7
3P Land Holdings,33.15
52 Weeks,2.02
5Paisa Capital,558.1
63 Moons Tech,478.75
7NR Retail,5.77
7NR Retail,5.77
7Seas Enter,34.44
A & M Febcon,1.03
A-1 Acid,354.65
A2Z Infra Engg,15.5
AAA Technologies,105.9
Aadi Industries,6.62
Aakash Exploration,10.2
Aananda L Mills,30.32
Aanchal Ispat,7.6
AAR Comrcl,0
AAR Shyam India,9.41
Aarey Pharma,46.95
Aarnav Fashions,30.36
Aaron Industries,291.25
Aartech Solonics,155.65
Aarti Drugs,505.3
Aarti Industries,675.3
Aarti Pharmalabs,491.5
Aarti Surfactant,678.6
Aarvee Denims,33.95
Aarvi Encon,138.65
Aastamangalam,49.5
Aavas Financiers,1454.35
Aayush Food & Herb,130.85
Aban Offshore,72.3
Abans Enterprise,144.8
Abans Holdings,326.25
Abate As Inds,24.8
ABB India,5499.55
Abbott India,28181.95
ABC Gas (Intl),58
ABC India,147.75
ABFRL,231.5
Abhinav Capital,175.4
Abhinav Finance,2.28
Abhishek Finlease,32.75
Abhishek Infraven,6.42
Abm International,57.8
ABM Knowledgeware,110.65
ACC,2702.55
Accedere,74.97
Accel,24.13
Accelya Solutions,1889.85
Accuracy Shipping,11.8
Accuracy Shipping,11.8
Ace Engitech,23.5
Ace Integrated Soln,37.5
ACE men engg works,51.96
ACE Software Exp,101.04
ACI Infocom,2.31
Acknit Industries,263.85
ACME Resources,48.16
Acrow India,686.3
Action Const Equip,1487.3
Action Fin Serv (I),3.19
Active Clothing Co,95
AD-Manum Finance,69.93
Adani Energy Solut.,1080.8
Adani Enterprises,3333.25
Adani Green Energy,1971.35
Adani Ports,1338.3
Adani Power,555.8
Adani Total Gas,1040.1
Adani Wilmar,386.6
Adarsh Plant,31.41
ADC India Comm,0
Adcon Capital Serv,1.05
Add-Shop E-Retail,28.36
Addi Industries,59.29
ADF Foods,216.05
ADF Foods,216.05
Adhbhut Infra,31.27
Adhunik Industries,42.25
Adinath Exim Rsrcs,29.9
Adinath Textiles,27.85
Aditri Gems,0.96
Aditya Birla Cap,186.75
Aditya Birla Money,112.7
Aditya Birla Sun,520.05
Aditya Ispat,10.92
Aditya Spinners,0
Aditya Vision,3541.05
Adjia Technologies,38
Ador Fontech,150.3
Ador Multi Prod,38.04
Ador Welding,1474.5
Adroit Infotech,17.2
Advait Infratech,1386.8
Advance Lifestyles,42.5
Advance Metering,0
Advance Petrochem,166
Advance Syntex,7.18
Advanced Enzyme,393.2
Advani Hotels,168.2
Advent Computer,2.82
Advik Capital,3.21
Aegis Logistics,440.4
Aeonx Digital Techno,0
Aeroflex Industries,145.85
Aerpace Indus.,11.86
Aether Inds,866.1
AF Enterprises,6.68
Affle India,1125.1
Agarwal Fortune Ind,31.5
Agarwal Inds Corp,953.45
AGI Greenpac,881
AGI Infra,985.5
Agio Paper & Inds,7.5
Agri-Tech India,193.45
Agro Phos India,46.55
Agro Tech Foods,823.65
AGS Transact,89.35
Ahasolar Tech,606.05
Ahlada Engineers,121.85
Ahluwalia Contracts,1215.3
Ahmedabad Steel,40.21
Ai Champdany Inds,0
AIA Engineering,3713.3
Aimco Pesticides,0
Airan,27.75
AiroLam,179.05
Ajanta Pharma,2139.25
Ajanta Soya,31.88
Ajcon Global Services,39.67
Ajel,16
Ajmera Realty,738.45
Ajooni Biotech,6.15
AK Capital Serv,1051.8
AK Spintex,148.25
Akar Auto Inds,132.5
Akash Infra-Projects,37.95
Akashdeep Metal Inds,23.1
AKG Exim,23.6
AKI India,25.45
Akme Star Housing,58.57
Aksh Optifibre,10.9
Akshar Spintex,3.5
Aksharchem (India),348.25
Akzo Nobel India,2522.65
Alan Scott Enter.,87.98
Alankit,19.4
Albert David,1298.15
Alchemist,3.15
Alchemist Corporation,16.55
Alchemist Realty,2.92
Alembic,101.35
Alembic Pharma,1048
Alexander Stamps,15.46
Alfa Ica India,62.99
Alfa Transformers,92.16
Alfavision Overseas,15.48
Alfred Herbert,0
Algoquant Fintec,1601.65
Alicon Castalloy,913.2
Alka India,2.7
Alka Sec,0.89
Alkali Metals,120.75
Alkem Laboratories,5106.55
Alkosign,206
Alkyl Amines Chem,2151.85
Allcargo Gati,117.2
Allcargo Logistics,87.8
Allcargo Terminal,65.5
Alliance Integrated,55.34
Allied Digital Serv,156.05
Allsec Technologies,835.35
Almondz Global Sec,113.45
Alok Industries,28.7
Alpa Laboratories,101.9
Alphageo (India),387.7
Alphalogic,88
Alpine Housing Dev,0
Alps Industries,2.25
Alps Motor Finance,0.38
Alstone Textiles,0.76
Alstone Textiles,0.76
Alufluoride,457.8
Amal,363
Amalgamated Elec,61.98
Amara Raja Energy,848.75
Amarjothi Mills,0
Amarnath Security,52.76
Amba Enterprises,134.2
Ambalal Sarabhai,0
Ambar Protein Inds,157.65
Ambassador Intra,39.9
Amber Enterprises,3658
Ambica Agarbathies,30.1
Ambika Cotton Mills,1659.8
Ambition Mica,4
Ambitious Plastomac,5.9
Ambuja Cements,617.9
Amco India,63.25
AMD Industries,62.2
Amerise,0.7
Amforge Industries,0
Ami Organics,1116.25
Amin Tannery,2.16
Amines & Plasticizers,177.75
Amit International,4.18
Amit Securities,4
AMJ Land Holdings,37.75
Amrapali Inds,15.28
Amraworld Agrico,1.1
Amrit Corp,937.95
Amrutanjan Health,669.2
AMS Polymers,25.77
Anand Projects,23.32
Anand Rathi Weal,3876
Anand Rayons,43.93
Anant Raj,350.35
Andhra Cements,4.95
Andhra Cements,98.25
Andhra Paper,532.1
Andhra Petrochem,0
Andhra Sugars,111.05
Andhra Sugars,111.05
Andrew Yule & Co,31.35
Aneri Fincap,7.56
ANG Lifesciences,62.64
Angel One,2833.15
Anik Industries,48
Anjani Finance,14.29
Anjani Foods,29.87
Anjani Portland Cement,206.9
Anjani Synthetics,43.69
Anka India,13.13
Ankit Metal & Power,4.3
Anmol India,57.15
Anna Infrastructures,30.79
ANS Industries,12.5
Ansal Buildwell,184.35
Ansal Housing,5.25
Ansal Properties,11.1
Anshuni Commercial,0.88
Antariksh Industries,1.34
Antony Waste,515.2
Anuh Pharma,220.7
Anup Engineering,2779.25
Anupam Finserv,2.52
Anupam Rasayan,958.1
Anuroop Packaging,21.55
Apar Industries,6259.6
Apcotex Industries,466.7
Apex Frozen Foods,223.6
Apis India,182.6
APL Apollo Tubes,1531.85
Aplab,0
Aplaya Creations,0.4
APM Industries,67.75
Apollo Finvest,1045
Apollo Hospitals,6133.3
Apollo Micro Systems,127
Apollo Micro Systems,127
Apollo Pipes,717.3
Apollo Sindoori Hotels,2001.1
Apollo Tricoat Tubes,1059.75
Apollo Tyres,531.2
Apoorva Leasing,28.13
Aptech,245.15
Aptus Value,339.95
Aravali Securities,0
ARC Finance,0.99
Arcee Industries,6.32
Archana Software,0
Archean Chem Inds,742
Archidply Industries,90.7
Archies,41.05
Archit Organosys,47.22
Arcotech,2.2
Arex Industries,149.2
Arfin India,53
Aries Agro,300.1
Arigato Universe,67.2
Arihant Capital,66.9
Arihant Foundations,39.65
Arihant Superstructures,349.3
Arihant's Securities,22.88
Aris International,49.69
Arman Financial Serv,2071.15
Arman Holdings,67.95
Arnold Holdings,40.7
Aro Granite Inds,55.65
Aroma Enterprises,30
Arrow Greentech,401
Arshiya,9.1
ARSS Infra Project,21.5
Art Nirman,71.45
Artefact Projects,94.36
Artemis Electricals,39.08
Artemis Electricals,39.08
Artemis Medicare,173.2
Artson Engineering,0
Aruna Hotels,0
Arunis Abode,46
Arunjyoti Bio Vent,246.9
Arvee Labs (India),132.1
Arvind,280.55
Arvind Fashions,455.9
Arvind Smartspaces,617.05
Aryaman Financial,247.85
Aryan Share & Stock,21.27
Asahi India Glass,534.3
Asahi Songwon,329.15
Ascensive Educare,60.29
Ashapura Minechem,401.8
Ashapuri Gold,13.17
Ashapuri Gold,13.17
Ashari Agencies,2.07
Ashiana Agro Inds,11.57
Ashiana Housing,307.15
Ashiana Ispat,38.51
Ashika Credit Capital,89.27
Ashima,21.05
Ashirwad Capital,5.93
Ashirwad Steels,43.36
Ashish Polyplast,28.02
Ashnisha Industries,8.08
Ashnoor Textile,50.28
Ashok Leyland,172.4
Ashoka Buildcon,188.75
Ashoka Metcast,25.9
Ashram Online Com,0
Ashtasidhhi Indus.,12.25
ASI Industries,0
Asia Capital,16.55
Asia Pack,49.5
Asian Energy Serv,298.15
Asian Granito India,64.75
Asian Hotels East,167.6
Asian Hotels North,129.35
Asian Hotels West,144.15
Asian Paints,2849.8
Asian Petro Products,15.92
Asian Star Co,833.05
Asian Tea & Export,15.09
Asian Warehousing,37.3
Asin Food Prod,18.18
Asit C Mehta Fin,172.3
ASK Automotive,295.75
ASM Technologies,1064.8
Aspinwall & Co,250.85
Aspira Pathlab,33.42
Assam Entrade,687.4
Assoc Alcohol & Brew,543.6
Associated Ceramics,1272.95
Astec Lifesciences,902.35
Aster DM Healthcare,467.6
Astra Micro Wave,621.65
Astral,2108.95
Astrazeneca Pharma,5450.2
Astron Paper & Board,28.5
Asya Infosoft,3.61
Atal Realtech,17.1
Atam Valves,172.5
Atharv Enterprises,2.4
Athena Global Tech,99.8
Atishay,72.8
Atlantaa,24.5
Atlas Cycle(Haryana),28.85
Atlas Jewellery,9.27
Atul,6170.6
Atul Auto,541.9
ATV Projects India,0
AU Small Fin Bank,578
Aurionpro Solutions,2199.65
Auro Laboratories,159.15
Aurobindo Pharma,1076.95
Auroma Coke,6.27
Aurum Proptech,142.55
Ausom Enterprise,91
Austin Engg Co,219.2
Authum Invstmnt,860.35
Auto Pins India,161
Autoline Industries,142.65
Autolite India,15.5
Automobile Corp Goa,0
Automotive Axles,2010.45
Automotive Stamping,664.4
Autoriders Intl,34.79
Avadh Sugar & Energy,593.9
Available Finance,221.05
Avalon Technologies,528.05
Avance Technology,1.56
Avance Technology,1.56
Avance Technology,1.56
Avantel,113.05
Avantel,113.05
Avanti Feeds,529.15
Aveer Foods,499
Avenue Supermarts,3868.25
AVG Logistics,629.7
AVI Polymers,12.4
AVI Products India,30.79
Aviva Industries,25.38
Avonmore Capital,105
Avro India,142.4
AVT Natural Prod,104.6
Axel Polymers,62.53
Axis Bank,1096.7
Axiscades Tech,657.4
Axita Cotton,23.85
Axon Ventures,0
Axtel Industries,633.9
Aym Syntex,95.45
Azad Engineering,1334.35
B & A,459.15
B & A Packaging,233.4
B & B Triplewall,277.15
B2B Software,33.88
Baba Arts,14.71
Bacil Pharma,10.5
Bafna Pharma,90.8
BAG Films & Media,10.6
Baid Leasing & Fin,26.65
Baid Leasing & Fin.,26.54
Bajaj Auto,8041.3
Bajaj Consumer Care,238.95
Bajaj Electricals,1010.2
Bajaj Finance,6584.35
Bajaj Finserv,1610.15
Bajaj Healthcare,336.45
Bajaj Hindusthan Sugar,34.7
Bajaj Holdings,9047.65
Bajaj Steel Industries,1228.1
Bajel Projects,228.4
Bal Pharma,115.65
Balaji Amines,2227.4
Balaji Telefilms,111.05
Balasore Alloys,0
Balaxi Pharma,573.65
Balgopal Commercial,38.53
Balkrishna Industries,2266.5
Balkrishna Paper,37.35
Ballarpur Industries,0.85
Balmer Lawie Invst,641.2
Balmer Lawrie & Co,243.65
Balrampur Chini Mills,374.95
Balu Forge Inds,208.3
Balurghat Tech,0
Bambino Agro Inds,355
BAMPSL Securities,9.67
Banaras Beads,102.05
Banas Finance,17.44
Banco Products,671
Bandhan Bank,200.75
Bang Overseas,61
Bank of Baroda,271.85
Bank of India,137.5
Bank of Maharashtra,60.45
Banka BioLoo,116
Bannari Amman Mills,48.2
Bannari Amman Spinning Mills Limited - RE,23.35
Bannari Amman Sugars,2568.95
Bansal Roofing,88.66
Banswara Syntex,159.5
Barak Valley Cem,61.95
Barbeque-Nation,587.8
Baroda Extrusion,4.03
Baroda Rayon,0
Baron Infotech,0.81
Bartronics India,4.25
Bartronics India,22.25
Basant Agro Tech,22.67
BASF India,3313.1
Bata India,1435.4
Batliboi,0
Bayer Cropscience,5684.9
Bazel International,34.59
BBTC,1720.95
BC Power Controls,4.45
BCC Fuba India,52.72
BCL Enterprises,1.25
BCL Industries,74.1
BCL Industries,74.1
BCPL Railway Infra,113
BDH Industries,0
Beardsell,42.1
Bedmutha Industries,263.35
Beekay Niryat,45.94
Beekay Steel Inds,642.05
Beeyu Overseas,2.76
Bella Casa Fashion,298
Bemco Hydraulics,970
BEML,3208.2
BEML Land Assets,278.25
Benares Hotels,9425.55
Bengal & Assam Co,9650.3
Bengal Tea & Fabrics,125.5
Berger Paints,593.15
Bervin Invstmnt,31.71
Beryl Drugs,37.87
Beryl Securities,36.02
Best Agrolife,1163.5
Best Eastern Hotel,19.72
Betex India,286
BF Investment,646.95
BF Utilities,955.25
BFFL,29.09
BFL Asset Finvest,22.07
BGFT,4.15
BGR Energy Systems,53.9
Bhagawati Oxygen,48.4
Bhageria Industries,190.1
Bhagiradha Chem,1787.2
Bhagwati Autocast,499
Bhagyanagar India,99.3
Bhagyanagar Prop,42.15
Bhakti Gems & Jewel,19.15
Bhandari Hosiery,9.95
Bhansali Engg Poly,97.35
Bharat Agri Fert,118
Bharat Agri Fert,118
Bharat Bhushan Fin,37.39
Bharat Bijlee,5943.3
Bharat Dynamics,1846
Bharat Electronics,206.75
Bharat Forge,1179.65
Bharat Gears,123.75
Bharat Parenteral,1416.55
Bharat Rasayan,9249.95
Bharat Road Network,77.4
Bharat Seats,170.3
Bharat Wire Ropes,321.85
Bharti Airtel,1131.1
Bhartiya Intl,341.3
Bhaskar Agro Chem,73.86
Bhatia Comms India,30.24
Bheema Cements,26.28
BHEL,235.9
Bhilwara Spinners,147.75
Bhilwara Tech Tex,46.2
Bhoruka Aluminium,0.42
Bhudevi Infra Proj,27.17
BIBCOL,33.27
Bigbloc Construction,240
Bihar Sponge Iron,0
Bijoy Hans,21.95
Bikaji Foods Inter.,522.4
BIL Energy Systems,0.6
Bilcare,71.31
Bimetal Bearings,0
Binani Industries,17
Binayak Tex Proc,887.3
Binny,167.25
Binny Mills,219
Bio Green Papers,1.81
Biocon,276.95
Biofil Chem & Pharma,65.6
Biogen Pharmachem,1.27
Biopac India Corp,0
Birla Cable,296.5
Birla Corporation,1677.65
Birla Precision,66.09
Birla Tyres,5.3
Birlasoft,787.25
Bisil Plast,2.37
BITS,3.79
BKM Industries,2.4
BKV Industries,14
BL Kashyap & Sons,77.65
Black Bo,274.15
Black Rose Inds,142.15
BLB,50
Bliss GVS Pharma,126
Bloom Dekor,10.45
Bloom Industries,32.6
BLS E-Services,380.15
BLS Infotech,4.82
BLS Intl Serv,370.8
Blue Chip India,3.35
Blue Chip Tex Inds,194.45
Blue Cloud Softech,59.67
Blue Coast Hotels,9.5
Blue Dart Express,5999.55
Blue Jet Healthcare,349.15
Blue Pearl Texspin,42.13
Blue Star,1316.2
Blueblood Ventures,11.07
BMW Industries,61.8
BN Holdings,202.9
BN Rathi Security,119.3
BNR Udyog,65.75
Bodal Chemicals,91.6
Bodhi Tree MM,188.65
Bodhtree Consulting,0
Bombay Cycle & Motor,1699.8
Bombay Dyeing,185.25
Bombay Hybrid Seeds,226.85
Bombay Oxygen Invst,19366
Bombay Rayon Fashion,2
Bombay Talkies,3.35
Bombay Wire Ropes,49.74
Bonlon Industries,43.48
Borosil,388.15
Borosil Renewables,563.3
Bosch,29037.75
BP Capital,4.89
BPCL,625.2
BPL,99.8
Brady & Morris Engg,755.5
Brahmaputra Infra,74.5
Brand Concepts,739.25
Brawn Biotech,24
Bridge Securites,19.28
Brigade Enterprise,1004.95
Bright Brothers,0
Brightcom Group,18.05
Brijlaxmi Leasing,8.92
Brilliant Portfolios,6.98
Brisk Technovision,156.65
Britannia Industries,4922.55
Bronze Infra-Tech,1.02
Brooks Labs,122.85
BSE,2352.45
BSEL Algo,1.4
BSL,191.75
Burnpur Cement,6.95
Butterfly Appliances,912.15
Byke Hospitality,71.9
Calcom Vision,159.8
California Software,18.45
Cambridge Tech,111.6
Camex,42.32
Camlin Fine Sciences,120.25
Campus Active,247.2
CAMS,3120.15
Can Fin Homes,790.45
Canara Bank,586.75
Candour Techtex,49
Canopy Finance,94.53
Cantabil Retail,230.95
Cantabil Retail,230.95
Capacite Infra,271.4
Capfin India,628.1
Capital India Finance,143.1
Capital Small Fin.,373.35
Capital Trust,130.35
Caplin Point Labs,1542.1
Capri Global Capital,979.45
Capricorn Systems,12.1
Caprihans India,0
Caprolactam Chem,57.29
Captain Pipes,18.4
Captain Polyplast,51.29
Carborundum Univ,1096.1
CARE Ratings,1166.6
Career Point,251.55
Carnation Industries,7.92
Cartrade Tech,781.85
Carysil,957.7
Caspian,51.93
Castex Tech,0.64
Castrol India,214.25
Cat Technologies,0.76
Catvision,23.4
CCL,75.92
CCL International,31.57
CCL Products India,629.15
CDG Petchem,49.93
CDSL,1929.6
CE Info Systems,1818
CEAT,2847.2
CEC,0
Ceejay Finance,201
Ceenik Exports,0
Ceeta Industries,34.99
Ceinsys Tech,593.4
Celebrity Fashion,16.7
Cello World,847.7
Cenlub Industries,480.25
Centenial Surgical,105
Centerac Tech,3.05
Central Bank of India,63.65
Centrum Capital,34.15
Centum Electronics,1870.75
Century Enka,452.55
Century Extrusions,23.05
Century Plyboard,716.55
Century Textiles,1459.35
Cera Sanitaryware,7527.95
Cerebra Intg Tech,7.8
CES,0.44
CESC,127.85
CG Power & Inds,472.85
Cg Vak,402.15
Chalet Hotels,818.55
Challani Capital,18.42
Chaman L S Exports,238.15
Chambal Breweries,8.61
Chambal Fertilisers,353.55
Chandni Machines,39
Chandra Prabhu Intl,30.92
Chandra Prabhu Intl,30.92
Chandrima Mercantiles,9.81
Charms Industries,6.47
Chartered,6.67
Chartered Cap,240
CHD Chemicals,7.09
Chembond Chemicals,507.9
Chemcon Speciality,276.1
Chemcrux Enterprises,296.7
Chemfab Alkalis,570.25
Chemiesynth (Vapi),21
Chemo Pharma Labs,71.96
Chemplast Sanmar,484.1
Chemtech Valves,123
Chennai Ferrous,127
Chennai Meenakshi,39.9
Chennai Petro Corp,908.7
Cheviot Co,1360.6
CHL,37.38
Choice Intl,278.65
Choksi Imaging,66.05
Choksi Laboratories,61.3
Cholamandalam Fin,1065.85
Cholamandalam Invest,1098.4
Chordia Food Prods,90
Chowgule Steamship,0
Chromatic India,0.9
Chrome Silicon,38.87
Cian Agro Inds,41.2
CIE Automotive India,447.65
Cigniti Technologies,1055.55
CIL Nova Petrochem,16.05
CIL Securities,55.9
Cimmco,0
Cindrella Fin Serv,18.43
Cindrella Hotels,58.87
Cineline India,125
Cinerad Comm,37.26
Cinevista,21.2
Cipla,1482.3
Cistro Telelink,0.6
Citadel Realty,30.42
Citi Port Fin Serv,17.17
Citizen Infoline,38.3
City Union Bank,138.2
Cityman,16
CJ Gelatine Prod,22.09
CL Educate,88.35
Classic Filaments,35.3
Classic Global Fin,0.7
Classic Leasing,19.78
Clean Science,1417.55
Clio Infotech,5.8
CMI,7.3
CMS Info Systems,401.85
CNI Research,3.26
Coal India,448.5
Coastal Corporation,294.85
Cochin Malabar,129.4
Cochin Minerals,308.6
Cochin Shipyard,872.35
Cochin Shipyard,872.35
Coffee Day Entr,56.95
Coforge,6505.15
Colab Cloud Platform,168.6
Colgate-Palmolive,2524.05
Colinz Laboratories,39.44
Colorchips Media,5.38
Comfort Commotrade,25.29
Comfort Fincap,10.48
Comfort Fincap,10.48
Comfort Intech,11.6
Comfort Intech,11.6
Competent Auto,479.35
Compuage Infocom,7.3
Compucom Software,31
Computer Point,4.68
COMSYN,81
Conart Engineers,118.85
Concord Biotech,1469.4
Concord Drugs,38.2
Concrete Credit,3.05
Confidence Futuristic,126.6
Confidence Petro,110.15
Consecutive Invest,39.62
Consolidated Const,1.5
Consolidated Finvest,268.6
Constronics Infra,32.46
Container Corp,981.35
Containerway Intl,9.82
Contil India,133.8
Continental Controls,6.21
Continental Petro,98
Continental Secs,9.61
Continental Secs,9.61
Control Print,925.25
Coral India Finance,53.15
Coral Labs,358
Coral Newsprints,9.89
Cords Cable Inds,181.6
Coromandel Intl,1081.25
Corporate Courier,3.13
Corporate Merchant,16.63
Cosboard Inds,2.3
COSCO India,273.1
Cosmo Ferrites,215.8
Cosmo First,527.05
COSYN,40.91
Country Club,15.2
Country Condo's,5.75
Coventry CoilO Matic,1.58
Covidh Tech,1.94
Cox & Kings Fin.Serv,0.35
Craftsman Automation,4288.2
Crane Infra,25.69
Cranes Software,0
Cranex,59.98
Cravatex,466.95
Creative Castings,744.95
Creative Eye,4.65
Creative Peripherals,751.15
CreditAccess Grameen,1481.55
Credo Brands Mktg,233.8
Cressanda Railway,21.38
Crest Ventures,445.1
Crestchem,128.5
CRISIL,4939.7
Crompton Greaves,301.1
Cropster Agro,621.85
Crown Lifters,179.35
CSB Bank,357.6
CSL Finance,459.3
CTL,46.85
Cubex Tubings,90.9
Cubical Fin Serv,1.68
Cummins India,2736.65
Cupid,2693.5
CWD Ltd,900
Cybele Industries,39.3
Cyber Media India,25.2
Cybermate Infotek,4.63
Cybertech Systems,165.4
Cyient,2032.8
Cyient DLM,816.75
D & H India,96.95
D Link (India),304.8
Dabur India,538.6
Dai Ichi Karkaria,0
Daikaffil Chemical,99.3
Dalal Street Invst,524.15
Dalmia Bharat,2065.3
Dalmia Bharat Inds,388.7
Damodar Industries,55.65
Dangee Dums,11.65
Danlaw Technologies,2004.6
Danube Industries,6.95
Darjeeling Ropeway,5.55
Darshan Orna,4.75
Data Patterns (I),2796.05
Datamatics Global,602.65
Datasoft Software,15.99
Daulat Securities,32.95
Davangere Sugar Co,106.5
DB Corp,288.2
DB Realty,269.25
DB Stock Brokers,47.8
DC Infotech & Comm,221.7
DCB Bank,131.45
DCM,83.85
DCM Financial Serv,6.4
DCM Nouvelle,190
DCM Shriram,971.8
DCM Shriram Inds,193.45
DCW,57.9
DCX Systems,329.2
Ddev Plastiks Ind.,197.45
De Nora India,1782.15
Debock Inds,8.9
Deccan Bearings,66.12
Deccan Cements,621.25
Deccan Gold Mines,114.3
Deccan Health Care,28.45
Deccan Polypacks,12.44
Decillion Fin,23.45
Decipher Labs,17.84
Deco-mica,76.92
Decorous Invest,11.85
Deep Diamond India,6.95
Deep Diamond India,6.95
Deep Energy Resource,194.4
Deep Industries,252.15
Deep Industries,252.15
Deep Polymers,101.45
Deepak Fertilisers,511.45
Deepak Nitrite,2218.35
Deepak Spinners,0
Delhivery,471.4
Delta Corp,138.3
Delta Industrial,21.33
Delta Manufacturing,110.65
Delton Cables,454.75
DEN Networks,56
Denis Chem Lab,133.75
Dev It,133.15
Dev It,133.15
Devhari Exports,0.6
Devine Impex,8.67
Devyani,157.95
Dewan Hsg Fin. Corp.,16.7
DFM Foods,461.7
Dhabriya Polywood,295.85
Dhampur Bio Organics,136.85
Dhampur Sugar Mills,241.05
Dhampure Sugars,88.16
Dhanada Corporation,2.42
Dhanalaxmi Spinner,193.05
Dhanashree Electro,58.1
Dhani Services,40.65
Dhani Services - PP,78.7
Dhanlaxmi Bank,47.5
Dhanlaxmi Cotex,73.21
Dhanlaxmi Fabrics,59
Dhanuka Agritech,1045.05
Dhanvantri J Rekha,26.66
Dhanvarsha Finvest,69.04
Dharan Sugars & Chem,8.55
Dharani Finance,5.99
Dharmaj Crop Guard,243.35
Dhenu Buildcon,2.25
Dhoot Industrial Fin,226.55
DHP India,743.9
Dhruv Consultancy,128.55
Dhruv Estates,11.78
Dhruva Capital,324.05
Dhunseri Invest,1268
Dhunseri Tea & Inds,217.25
Dhunseri Ventures,398.2
Diamant Infra,1.11
Diamines & Chem,603.95
Diana Tea Co,32.69
DIC India,481
Digicontent,21.05
Digispice Tech,32.35
Digjam,92.3
Diligent Industries,5.72
Diligent Media Co,5.15
Dilip Buildcon,460.85
DISA India,0
Dish TV India,21.45
Disha Resources,17.26
Dishman Carbogen,266.5
Divgi Torqtransfer,857.65
Divi's Labs,3508.5
Divinus Fabrics,6.2
Divyashakti Granites,77.97
Dixon Technologies,7043.2
DJ Mediaprint & Logi,147.95
DLF,922.95
DMCC Speciality Chem,308.15
Dodla Dairy,990.05
Dolat Algotech,73.5
Dolfin Rubbers,134.35
Dollar Industries,514.1
Dolphin Medical Serv,2.98
DOMS Industries,1516.1
Donear Industries,104.55
DP Abhushan,774.1
DP Wires,538.1
DQ Entertain.(Inter),0.85
Dr Agarwal's Hosp,3381.5
Dr Lal PathLabs,2333.95
Dr Reddy's Labs,6238.9
DRC Systems,21.1
Dreamfolks Services,533.2
Dredging Corporation,713.45
Ducon Infratech,10.7
Duke Offshore,16.77
Duncan Engg,430.3
Duro Pack,100.18
Duroply Industries,353.35
Dutron Polymers,158
Dwarikesh Sugar,81.85
Dynacons Systems,902.95
Dynamatic Tech,7345.95
Dynamic Archistruct,47.51
Dynamic Cables,429.4
Dynamic Industries,75.6
Dynamic Portfolio,65.59
Dynavision,253.05
Dynemic Products,305.5
E L Forge,11.63
E-Land Apparel,0
E2E Networks,994.2
Earum Pharma,2.28
EaseMyTrip,49.05
East Buildtech,24.05
East West Holdings,7.73
Eastern Silk Inds,2.05
Eastern Treads,41.87
Easun Cap Markets,46.84
Ebixcash World,258.55
EBNL,38.86
eClerx Services,2518.55
Eco Recycling,496.6
Ecoboard Industries,0
Ecofinity Atomix,35.38
Econo Trade India,7.05
Ecoplast,379.8
ECS Biztech,8.9
Edelweiss Financial Services,77.7
Edvenswa Enterprises,57.61
Edynamics Solutions,2.14
EFC (I),412.3
EFC (I),412.3
EHIL,811.25
Eicher Motors,3860.35
EID-Parry India,624.5
EIH,404.6
EIH Asso Hotels,734.95
Eimco Elecon India,1380.6
Ejecta Marketing,0.8
Ekam Leasing & Fin,6.12
Ekansh Concepts,59.4
EKI Energy Serv,394.1
Elango Industries,15.35
ELANTAS Beck India,0
Elcid Investments,3.37
Eldeco Housing & Ind,811.7
Elecon Engg Co,998.9
Electronics Mart Ind,220.3
Electrosteel Castings,164.3
Electrotherm India,538.75
Elegant Floriculture,6.59
Elegant Marbles,275.3
Elgi Equipments,687.35
ELGI Rubber Co,62.6
Elin Electronics,155.35
Elitecon Intl,10.5
Elixir Capital,83.55
Elnet Technologies,0
Elpro International,0
EMA India,37.95
Emami,458.25
Emami Paper Mills,131.7
Emami Realty,106.85
Emerald Finance,26.85
Emerald Leisures,163.95
Emergent Ind Soln,90.25
Emkay Global Fin,124.8
Emmbi Industries,107
Emmsons Intl,2.2
Empire Industries,1041
Empower India,3.51
EMS,492.9
eMudhra,583.6
Enbee Trade & Fin,14.93
Encode Packaging,11.5
Endurance Tech,1845
Energy Development Co,21.1
Engineers India,215.7
Enkei Wheels India,552
Enterprise Intl,28
Entertainment Network,346
Envair Electrodyne,0
EPACK Durable,187.35
EPIC Energy,11.25
EPL,192.3
Epsom Properties,9.9
Epuja Spiritech,7.21
Equippp Social,28.25
Equitas Holdings,120.3
Equitas Small Fin,101.3
Eris Lifesciences,878.05
Eros Intl Media,23.9
ERP Soft Systems,100.5
Esaar India,8.2
ESAB India,5081.15
ESAF Small Finance,62.75
Escorts,2904.9
Esha Media Research,6.85
Essar Shipping,27.1
Ester Industries,104.85
Ethos,2693.7
ETT,20.45
Eureka Forbes,465.45
Eureka Industries,4.39
Euro India Fresh Foods,136.5
Euro Leder Fashion,25.7
Euro Multivision,1.45
Eurotex Industries,16.5
Eveready Industries,341.1
Everest Industries,1225.4
Everest Kanto,156.6
Everest Organics,140.15
Everlon Financia,75.45
Evexia Lifecare,2.38
Excel Industries,841.5
Excel Realty N Inf,0.55
Exide Industries,326.85
Expleo Solutions,1357.8
Explicit Finance,6.67
Expo Gas Containers,21.75
Exxaro Tiles,113.95
Eyantra ventures,963.9
F Mec Intl Fin Serv,113.2
Facor Alloys,8.78
Fairchem Organics,1457.55
Family Care Hospital,9.07
Faze Three,422
Faze Three Autofab,91.85
FCL,43.91
FCS Software Soln,5
FDC,446.25
Fedbank Financial,123.1
Federal-Mogul Goetze,357.95
Fenoplast ,13.04
Fermenta Biotech,176.6
Fert & Chem Travan,737.7
Fervent Synergies,24
FGP,0
Fiberweb,38.3
Fiem Industries,1199.1
Filatex Fashions,16.34
Filatex India,72.25
Filatex India,72.25
Fine Organic Inds,4324.8
Fine-Line Circuits,82.01
Fineotex Chemical,415.6
Finkurve Financial,55.02
Fino Payments Bk,309
Finolex Cables,958.45
Finolex Industries,224.75
First Custodian Fund,58.8
First Fintec,8.22
Firstsource Soln,203.6
Fischer Chemic,447.25
Five Star Business,710
Five X Tradecom,0.48
Flair Writing Indu.,284.9
Flex Foods,104.05
Flexituff Ventures,40.3
Flomic Global Logs,77.67
Flora Corporation,11.2
Fluidomat,591.45
Focus Indl. Resource,0.67
Focus Lighting,176.75
Focus Lighting,176.75
Foods and Inns,155.5
Forbes & Company,0
Force Motors,6653.95
Fortis Healthcare,402.65
Fortis Malar Hosp,54.77
Fortune Intl,52.4
Foseco India,3520.2
Fourth Gen Info Sys,5.22
Franklin Industries,7.48
Franklin Industries,7.48
Fraser & Company,5.57
Fredun Pharma,858.3
Freshtrop Fruits,161
Frontier Capital,36.05
Frontier Springs,1349.9
Fruition Venture,68.77
Fundviser Capital,80.34
Funny Software,0.37
Fusion Micro Fin.,548.5
Future Consumer,0.9
Future Enterprises,0.8
Future Entr - DVR,5.25
Future Lifestyle,2.7
Future Market Netw,6.95
Future Retail,2.4
Future Supply Chain,8.2
Futuristic Secs,25
Futuristic Solutions,124.8
G-Tec Jainx Edu,82.5
G-Tech Info-Training,1.45
G.G. Dandekar Prop.,109.45
G.S. Auto Intl,34.35
Gabriel India,347.4
Gaekwar Mills,12.52
Gagan Gases,22.98
Gagan Polycot,0.86
GAIL (India),184.4
Gajanan Securities,59.99
Gajra Bevel Gears,3.25
Gala Global Prods,3.87
Galactico Corp Serv,4.65
Galada Finance,15.7
Galaxy Agrico Export,50.13
Galaxy Bearings,1551
Galaxy Cloud Kitchen,15.48
Galaxy Surfactants,2466.25
Gallantt Ispat,64.15
Gallantt Ispat,218.2
Gallops Enterprise,26.01
Gammon Infra Proj,0.7
Gandhar Oil Refinery,238.95
Gandhi Special Tubes,804.35
Ganesh Benzoplast,192.8
Ganesh Holdings,68.9
Ganesh Housing,840.1
Ganesha Ecosphere,1061.2
Ganga Forging,11.9
Ganga Papers,129.75
Ganges Securities,125.75
Ganon Products,10.63
Garbi Finvest,29.96
Garden Reach,816.7
Garden Silk Mill,7.6
Garg Furnace,355.2
Garment Mantra,7.3
Garnet Construction,24.38
Garnet International,59.42
Garware Hi Tech,1907.75
Garware Marine,12.47
Garware Synthetics,16.37
Garware Tech Fibre,3540.25
Gateway Distri,106.8
Gautam Gems,10.41
Gayatri Bioorganic,6.46
Gayatri Highways,1.35
Gayatri Projects,9.6
Gayatri Sugars,21.44
GB Global,9.3
GBL Industries,2.84
GCM Securities,0.94
GCSL,99.41
GDL Leasing & Fin,8.33
GE Power India,307.2
GE Shipping,1004.55
GE T & D India,982.65
GEE,137.75
GeeCee Vntrs,279.45
Geekay Wires,106.65
Geekay Wires,106.65
Geetanjali Credit,3.43
Gemstone Investments,1.09
Genera Agri Corp,1.75
General Insurance,390.95
Generic Engg,49.65
Genesis IBRC,10.76
Genesys Intl Corp,620.3
Gennex Laboratories,17.57
Genomic Valley Bio,38
Genpharmasec,3.92
Gensol Engg,1102.45
Genus Paper & Boards,22.1
Genus Power Infra,255
Genus Prime Infra,20.63
Geojit Financial,75.65
GFL,84.65
GG Automotive Gear,100.1
GG Engineering,2.1
GHCL,510.35
GHCL Textiles,87.8
GI Engineering Sols,11.85
Gian Life Care,23.83
GIC Housing Finance,234.2
Gilada Finance,12.21
Gillanders Arbuthnot,99.5
Gillette India,6534.15
Gini Silk Mills,85.95
Ginni Filaments,36.1
Gita Renewable,173.15
GK Consultants,10.24
GKB Ophthalmics,0
GKP Printing,11.9
GKW,1637.95
Glance Fin,80.85
Gland Pharma,1794.8
Glenmark Life,844.9
Glenmark Pharma,928.25
Glittek Granites,3.45
Global Capital,1.01
Global Capital,1.01
Global Education,262.05
Global Health,1320.85
Global Offshore Serv,7.85
Global Surfaces,310.35
Global Vectra,121.55
Globalspace Tech,23.46
Globe Commercials,22.3
Globe Textiles,4.2
Globus Corporation,0
Globus Power Gen,17.36
Globus Spirits,786
Gloster,887.55
GM Breweries,623.65
GMDC,398.25
GMM Pfaudler,1332.65
GMR Airports Infra.,85.8
GMR Power,52.2
GNA Axles,429.05
GNFC,639.35
GNRL,26.66
Go Fashion (India),1126.7
Goa Carbon,830.25
GOCL Corp,487.65
Godavari Drugs,101.2
Godawari Pwr,768.75
Godfrey Phillips,3010.4
Godha Cabcon,0.85
Godrej Agrovet,527
Godrej Consumer,1273.4
Godrej Industries,814.25
Godrej Properties,2441.5
Goenka Business,7.65
Gokak Textiles,123.95
Gokaldas Exports,841.8
Gokul Agro Resources,113.9
Gokul Refoils,45.45
Gold Line Intl,1.07
Gold Rock Invest,11.02
Goldcoin Health,7.95
Goldcrest Corp,0
Golden Carpets,11.24
Golden Crest Edu,77.43
Golden Tobacco,57.35
Goldiam Intl,190.7
Goldstone Tech,152.15
Golechha Global,21
Golkunda Diamonds,179.4
Goodluck India,977.25
Goodricke Group,0
Goodyear India,1273.7
Gopal Iron & Steels,8.01
Gorani Industries,149.9
Gowra Leasing,43
Goyal Aluminiums,10.1
Goyal Aluminiums,10.1
Goyal Associates,1.93
GP Petroleums,71.75
GPT Healthcare,191.8
GPT Infraprojects,205.8
GPTL,0
GR Infraprojects,1262.05
Gradiente,4.88
Grand Foundry,8.25
Grandeur Products,173.1
Granules India,465.1
Graphite India,609.3
Grasim Industries,2245.75
Gratex Industries,20.6
Grauer & Weil,115.6
Graviss Hospitality,47.01
Gravita India,942.05
Gravity (India),4.61
Greaves Cotton,156.15
Greencrest Fin Serv,1.09
Greenearth Resources,0.24
Greenlam Industries,539.6
Greenpanel Industries,382.05
Greenply Industries,272.35
Grindwell Norton,2103.85
GRM Overseas,172.3
Groarc Indust Ind,9.58
Grob Tea Co,931.3
Grovy India,108.2
Growington,16.58
Growington,16.58
GRP,6314.95
GSB Finance,17.53
GSFC,225.4
GSK Pharma,2173.15
GSL Securities,13.6
GSPL,366.95
GSS Infotech,194.65
GTL,11.8
GTL Infrastructure,2.1
GTN Industries,11.95
GTN Textiles,19.5
GTPL Hathway,197.65
GTV Engineering,525
Gufic Biosciences,318.1
Guj Inds Power Co,190.75
Guj Sidhee Cement,33.1
Guj Themis Biosyn,0
Guj Themis Biosyn,368.35
Gujarat Alkalies,806.05
Gujarat Ambuja Exp,403.95
Gujarat Apollo Inds,277.6
Gujarat Cotex,0
Gujarat Craft Inds,127.55
Gujarat Credit,26.98
Gujarat Fluorochem,3673.2
Gujarat Gas,576.8
Gujarat Hotels,185.2
Gujarat Inject,13.52
Gujarat Intrux,255.5
Gujarat Lease Fin,11.1
Gujarat Metallic,29.78
Gujarat Petrosynth,65.37
Gujarat Pipavav Port,215.65
Gujarat Poly Elec,71.35
Gujarat Terce Labs,32.5
Gujarat Toolroom,56.09
Gujarat Toolroom,56.09
Gujchem Distillers,84.5
Gulf Oil Lubricants,1000.2
Gulshan Polyols,198.4
GV Films,1
GVK Power & Infra,12.4
GVP Infotech,12.7
Gyan Developers,30.63
HAL,3157.15
HAL,3157.15
Halder Venture,262.7
Haldyn Glass,169.6
Happiest Minds Tech,856
Happy Forgings,985.5
Hardcastle & Waud,668.2
Hardwyn India,41.25
Hardwyn India,41.25
Haria Apparels,6.3
Haria Exports,0
Hariom Pipe Inds,520.75
Harish Textile,51
Harita Seating Sys,766.55
Hariyana Ship,106.15
Harmony Capital,71.38
Harrisons Malayalam,190.5
Harsha Engineers Int,409
Harshil Agrotech,5.32
Haryana Capfin,182.95
Haryana Leather,67.07
Hasti Finance,10.35
Hathway Cable,22.7
Hatsun Agro Prod,1123.9
Havells India,1576.45
Hawa Engineers,164.5
Hawkins Cookers,0
Hazoor Multi Proj,399.9
HB Estate Developers,67.07
HB Leasing,24.69
HB Portfolio,78.48
HB Stockholdings,92.05
HBCDL,20.5
HBL Power Systems,517.6
HBSL,9.19
HBSL,9.19
HCKK Ventures,130.16
HCL Infosystems,16.7
HCL Technologies,1646.3
HDFC Asset Mgmt Co,3767.45
HDFC Bank,1430.75
HDFC Life Insurance,592.3
Healthcare Global,351.45
HEC Infra Projects,84.1
HEG,1657.5
Heidelberg Cement,209.7
Helpage Finlease,17.43
Hemadri Cements,127.75
Hemang Resources,40.6
Hemisphere Prop,220.25
Hemo Organic,8.2
Heranba Industries,358.8
Hercules Hoists,427.5
Heritage Foods,347.35
Hero MotoCorp,4581.45
Hester Biosciences,1440.55
Heubach Colorants(I),525.9
Hexa Tradex,153.9
HFCL,108.5
HGIEL,922.4
Hi-Klass Trading,5.62
Hi-Klass Trading,5.62
Hi-Tech Gears,565.85
Hi-Tech Pipes,148
Hi-Tech Pipes,148
Hi-Tech Winding Sys,2.4
High Energy Batteries,564
High Street Filatex,57.37
Hikal,279.2
HIL,2805.5
Hiliks Technologies,31.8
Hilton Metal Forging,160.8
HIM Teknoforge,146.95
Himadri Spl Chem,361.1
Himalaya Food,27.95
Himalaya Granites,0
Himatsingka Seide,146.4
Hind Aluminium Inds,60
Hind Commerce,3.81
Hind National Glass,21.1
Hind Rectifiers,796.45
Hind Secs &,8.02
Hindalco,522.85
Hindcon Chemicals,51.35
Hindcon Chemicals,51.35
Hindoostan Mills,323.5
Hindprakash Inds,160.85
Hinduja Global,913.45
Hindustan Adhesive,440.7
Hindustan Agri,60.34
Hindustan Appliances,38.58
Hindustan Composites,428.3
Hindustan Constr,42.4
Hindustan Copper,281.6
Hindustan Fluoro,17.99
Hindustan Foods,516.5
Hindustan Hardy,451.6
Hindustan Housing Co,38.74
Hindustan Media,113.3
Hindustan Motors,19.2
Hindustan Tin Works,0
Hindustan Unilever,2416.2
Hindustan Zinc,312.6
Hindusthan Urban,2344.95
Hipolin,139.75
Hisar Metal Inds,212.35
Hit Kit Global,1.05
Hitachi Energy,6128.2
Hitech Corporation,232.05
Hittco Tools,11.5
HLE Glascoat,496.35
HLV,29.8
HMA Agro Indus,66.5
HMA Agro Indus,66.5
HOC,0
HOEC,194.3
Home First Fin Co,910.4
Honasa Consumer,418.65
Honda Power Prods,2513.9
Honeywell Automation,37961.25
HOV Services,64.45
Howard Hotels,25.5
Hp Adhesives,121.6
Hp Adhesives,121.6
HP Cotton Textile,151.9
HPCL,518.8
HPL Electric & Power,353.8
HS India,17.39
HT Media,31.05
Hubtown,144.9
HUDCO,195.9
Huhtamaki India,346.4
Hybrid Fin Serv,9.05
Hypersoft Tech,10.5
I Power Solutions,10.27
IB Infotech Entr,123.1
ICDS,49
Ice Make Refrig,513.45
ICICI Bank,1084.65
ICICI Lombard,1652.4
ICICI Prudential,538
ICICI Securities,826.2
ICRA,5807.05
ID Info Business,15.85
IDBI Bank,88.85
Ideaforge Technology,820.55
IDFC,118.1
IDFC First Bank,82.55
IDream Film Infra,89.5
IEL,8.82
IEL,8.82
IEX,151.55
IFB Agro Industries,472.85
IFB Industries,1432.4
IFCI,45.75
IFGL Refractories,566.7
IFL Enterprises,2.1
IFL Enterprises,2.1
Igarashi Motors,488.05
IGC Industries,27.6
IGPL,470
IIFL Finance,622.55
IIFL Securities,156.25
IIRM Holdings India,24.03
IIRM Holdings India,24.03
IITL Projects,34.91
IKIO Lighting,293.4
IL&FS Investment,10.3
IM+ Capitals,723.5
Imagicaaworld,82.8
IMEC Services,0
IMEC Services,6.34
IMFA,630.9
IMP Powers,5.6
IMPAL,1017.25
Impex Ferro Tech,4.85
Inani Marbles & Inds,23.88
Incap,76.69
Inceptum Enterprises,9.5
Incon Engineers,15.24
Ind & Prud Invest,5379
Ind Agiv Commerce,47.76
Ind Bank Housing,49.41
Ind Renewable,19.8
Ind Swift,19.5
Ind-Swift Labs,110.1
Indag Rubber,146.85
Indbank Merchant,48.05
Indergiri Finance,59.94
India Cements,232.9
India Cements Capital,19.39
India Finsec,80
India Gelatine,391.05
India Glycols,846.95
India Home Loan,33.43
India Infraspace,8.46
India Lease Dev,0
India Nippon Elec,735
India Pesticides,371.05
India Power Corp,19.85
India Radiators,5.93
India Shelter Fin.,630.65
India Steel Wrks,0
Indiabulls Enterpris,12.9
Indiabulls Housing,192.35
Indiabulls Real Es,121.5
Indiamart Inter,2657.75
Indian Acrylics,0
Indian Bank,529
Indian Bright Steel,141.35
Indian Card Cloth,269.15
Indian Hotels Co,589.5
Indian Hume Pipe,304.15
Indian Infotech,2.13
Indian Overseas Bank,64.4
Indian Ren. Energy,160.9
Indian Sucrose,0
Indian Terrain,75
Indian Toners,296.25
Indian Wood Prods,33.95
IndiaNivesh,15.25
Indigo Paints,1408.15
Inditrade Capital,31.99
Indo Amines,136.9
Indo Borax,177.2
Indo Borax & Chem.,177.75
Indo Cotspin,44.8
Indo Count Inds,338.45
Indo Credit Capital,1.78
Indo Euro Indchem,13.95
Indo National,701.9
Indo Rama Synthetics,50.5
Indo Tech,1100.95
Indo Thai Secs,327
Indo-City Infotech,11.55
Indo-Global Entr,16
Indo-National,701.9
Indoco Remedies,354.85
Indokem,0
IndoStar Capital,223.8
Indowind Energy,21.85
Indra Industries,8.53
Indrapras Med Corp,181.75
Indraprastha Gas,435.05
Indrayani Biotech,64.06
Indsil Hydro Power,55.92
Indsoya,9.55
Inducto Steels,70.8
Indus Finance,18.12
Indus Towers,265.7
IndusInd Bank,1526
Industrial Invest,207.5
Inertia Steel,146
Infibeam Avenues,36.15
Info Edge (India),5183.75
Infobeans Tech,406.1
Infomedia Press,5.6
Informed Tech,65.86
Infosys,1656.3
Infra Industries,9.5
Infronics Systems,70.34
Ingersol-Rand,3801.95
Inland Printers,33.71
Innocorp,5.95
Innova Captab,532.15
Innovassynth Inv,31.21
Innovative Tech,30.82
Inox Green Energy Se,136.05
Inox India,1270.35
INOX Leisure,508.85
INOX Wind,581.7
Inox Wind Energy,6920.1
Insecticides India,539.65
Insilco,0
Inspirisys Solutions,105.5
Intec Capital,17.73
Integra Capital,19.9
Integra Engg,253.4
Integra Essentia,3.65
Integra Garments,1.7
Integra Switchgear,65.88
Integra Telecomm,10.3
Integrated Capital,3.96
Integrated Fin Serv,56.75
Integrated Hitech,7.54
Integrated Protein,16.5
Integrated Tech,614.1
Intellect Design,1097.55
Intellivate Ventures,46.15
Intense Tech,131.1
Inter Globe Finance,58.56
Interactive Fin Serv,22.85
Interglobe Aviation,3159.8
Interstate Oil,42.05
Interworld Digital,0.56
Intl Combustion,1799.5
Intl Constructions,89.05
Intl Conveyors,88.7
Intl Data Mgmt,16.7
Intl Travel House,0
Intrasoft Tech,158.1
Inv Trust of India,140.9
Inventure Growth,2.75
Invigorat.Busines,0
IOCL,172.2
IOLCP,408.3
Ion Exchange,492
Ion Exchange,492
IP Rings,0
IPCA Laboratories,1198.95
IPCL,579.3
IRB Infra Devs,64.35
IRB Infra Devs,64.35
Ircon International,228.5
IRCTC,933.7
IRFC,148.7
IRIS Business Serv,132
Iris Clothings,85.55
Iris Clothings,85.55
IRM Energy,559.55
Ironwood Education,25.92
ISF,2.24
ISGEC Heavy Engg,870.1
Ishaan Infra,5.56
Ishan Dyes & Chem,58.09
Ishita Drugs & Inds,72.92
ISL,28.8
ISL Consulting,32
ISMT,94.55
IST,991.1
iStreet Network,2.7
ITC,412.05
ITD Cementation,336.1
ITDC,761.25
ITI,295.2
ITL Industries,345.7
IVP,184.35
Iykot Hitech,26.84
Izmo,293.5
J C T,0
J Kumar Infra,649.25
J R Foods,3.61
J Taparia Projects,30.1
JA Finance,29.3
Jackson Investments,1.1
Jagan Lamps,114.85
Jagatjit Inds,0
Jagran Prakashan,119.3
Jagson Pal Pharma,308.55
Jagsonpal Fin,7.24
Jai Balaji Inds,1240.55
Jai Corp,316.55
Jai Mata Glass,2
Jaihind Synthetics,30.16
Jain Irrigation,57
Jain Irrigation - DVR,33.1
Jain Marmo Inds,22.06
Jainco Projects,5.25
Jainex Aamcol,150
Jaipan Industries,41.4
Jaiprakash Asso,19.25
Jaiprakash Power,18.75
James Warren Tea,228
Jammu & Kashmir Bank,143
Jamna Auto Inds,135.7
Jamshri Realty,5375.05
Jana Small Fin. Bank,453.25
Jasch Industries,0
Jasch Industries,249.75
Jash Engineering,1779.6
Jatalia Global Vent,1.43
Jauss Polymers,6.56
Jay Bharat Maruti,135.85
Jay Bharat Maruti,135.85
Jay Shree Tea & Inds,118.9
Jay Ushin,745
Jayabharat Credit,14.24
Jayant Agro-Organics,231.85
Jayant Infratech,295
Jayaswal Neco Inds,54.7
Jayatma Enterprise,23
Jayatma Industries,14.4
Jaybharat Textiles,26.2
Jaykay Enterprises,0
Jaypee Infratech,1.25
Jayshree Chemicals,10.45
Jaysynth Dyestuff,0
JBCPL,1539.9
JBCPL,1539.9
JBF Industries,4.3
JBM Auto,2147.1
JD Orgochem,0
Jeevan Scientific,56.03
Jenburkt Pharma,791.25
Jet Freight Logistic,14.55
Jetking Infotrain,58.28
Jhaveri Credits,527.3
JHS Svendgaard Lab,24.75
Jindal Capital,37.41
Jindal Drilling,675.2
Jindal Hotels,67.2
Jindal Leasefin,38.75
Jindal Photo,655.6
Jindal Poly Films,562.2
Jindal Poly Invst,741.25
Jindal SAW,493.35
Jindal SS (Hisar),562.8
Jindal Stainless,662.9
Jindal Steel & Power,838.5
Jindal Worldwide,419.7
JIO Financial Serv.,328.25
JITF Infra,527.95
Jiya Eco-Products,3.5
JJ Finance,25
JK Agri Genetics,415.95
JK Cement,4514.4
JK Lakshmi Cement,941.15
JK Paper,377.85
JK Tyre & Industries,519.8
JL Morison,2021.35
JM Financial,98.95
JMC Projects,118.85
JMD Ventures,14.24
JMJ Fintech,24.33
JMT Auto,1.45
Jocil,204.05
John Cockerill India,0
Johnson Controls,1122.7
Johnson Pharmacare,0.89
Joindre Capital Serv,50.37
Jolly Merchants,12.87
Josts Engg Co,681.15
Josts Engg Co,681.15
Joy Realty,43.17
JPT Securities,9.4
JSL Industries,879
JSW Energy,504.95
JSW Holdings,6594.25
JSW Infrastructure,260.1
JSW Ispat Spl Prod,39
JSW Steel,844.95
JTEKT India,161.8
JTL,15.02
JTL Industries,261.9
JTL Infra,261.55
Jubilant Foodworks,468.4
Jubilant Industries,1424.9
Jubilant Ingrevia,487.35
Jubilant Pharmova,571.35
Julien Agro Infra,29.88
Jullundur Motor,118.75
Jumbo Bag,0
Jupiter Infomedia,43.96
Jupiter Life Line,1350.05
Jupiter Wagons,366.9
Just Dial,922.9
Justride Entr,276.35
Jyothy Labs,449.1
Jyoti,59.46
Jyoti Resins,1371.4
Jyoti Structures,26.5
Jyotirgamya Entr,40.2
K & R Rail Engg,662.3
K-Lifestyle & Inds,0
K.P.R. Mill,773.65
Kabra Commercial,25.77
Kabra Drugs,6.85
Kabra Extrusion,361.5
Kabsons Industries,18.66
Kachchh Minerals,38.68
Kaira Can Company,2249.9
Kaiser Corporation,13.28
Kaizen Agro Infra.,19.39
Kajaria Ceramics,1282
Kakatiya Textiles,23.91
Kallam Textiles,7.14
Kalpataru Projects,981.85
Kalyan Capitals,23.1
Kalyan Jewellers,412.4
Kalyani Steels,1015.35
Kama Holdings,2642.2
Kamadgiri Fashion,78.68
Kamanwala Housing,22.52
Kamat Hotels,299.6
Kamdhenu,653.25
Kamdhenu Ventures,193.2
Kanani Industries,4.85
Kanchi Karpooram,401.6
Kanco Tea & Inds,79.2
Kandagiri Spinning,0
Kanel Industries,0
Kanishk Steel Inds,32.05
Kanoria Chemical,124.75
Kanoria Enr & Infra.,29.82
Kanpur Plastipack,106.4
Kansai Nerolac,292.5
Kanungo Financiers,5.41
Kapil Cotex,126.5
Kapil Raj Finance,15
Kapston Services,254.8
Karda Constructions,16.55
Karma Energy,77.7
Karnataka Bank,237.35
Karnavati Finance,2.14
Karnavati Finance,2.14
Kartik Investments,736
Karur Vysya Bank,185.35
Kashyap Tele-Meds,2.4
Katare Spinning,243.95
Kaushalya Infra,775.05
Kaveri Seed Co,671.5
Kavveri Telecom,13.15
Kay Power & Paper,43.12
Kaya,342.25
Kaycee Industries,17500
Kaynes Technology,3008.95
KBC Global,2.05
KBS India,10.16
KBS India,10.16
KCD Industries,12.18
KCD Industries,12.18
KCL Infra Projects,2
KCP,194.05
KCP Sugar & Inds,39
KCSIL,229.55
KD Leisures,5.47
KDDL,2631.4
KEC International,720.95
KEERTHI,143
KEI Industries,3214.15
Kellton Tech Soln,126.85
Keltech Energies,2708.45
Kemistar Corp,44.39
Kemp & Company,1089.9
Ken Financial Serv,12.7
Kennametal,2476.1
Kenvi Jewels,6.66
Kenvi Jewels,6.66
Kerala Ayurveda,293.95
Kesar Enterprises,0
Kesar Petroproducts,12.35
Kesar Terminals,0
Kesoram Industries,172.55
Kewal Kiran Clothing,754.2
Key Corp,87.85
Keynote Financial,172.45
Keystone Realtors,676.35
KFin Technologies,685.6
KG Denim,0
KG Petro Chem,205
KGN Enterprises,7.26
Khadim,355.2
Khaitan,81
Khaitan Chem & Fert,79.5
Khandelwal Extract,67.13
Khandwala Securities,32.25
Khoday India,116.25
Khoobsurat,1.47
KIC Metaliks,52.7
KICL,4562.55
Kiduja India,279.4
KIFS Financial,148.05
Kilburn Eng,0
Kilitch Drugs,380.55
Kimia Biosciences,36.99
KIMS,2230.55
Kinetic Engineering,0
Kinetic Trust,14.93
Kingfa Science,1936.6
Kings Infra Ventures,199.35
KIOCL,491.45
Kiran Print Pack,11.18
Kiran Syntex,9.07
Kiran Vyapar,180.25
Kiri Industries,392.95
Kirloskar Brothers,934.4
Kirloskar Electric,124.6
Kirloskar Ferrous,452.2
Kirloskar Industries,4154.1
Kirloskar Oil Engines,909.3
Kirloskar Pneumatic,737.05
Kisan Mouldings,43.31
Kitex Garments,244.7
KJMC Corp Advisors,60.89
KJMC Financial,0
KK Fincorp,34.03
KK Shah Hospitals,62
Kkalpana Inds,9.95
Kkalpana Plastick,24.78
Kkrrafton Devs,111
KLG Cap Servs,7.74
KLRF,0
KM Sugar Mills,33.85
KMC Spl Hospitals,91.05
KMEL,1.82
KMF Builders & Devs,8.98
KNR Constructions,272.05
Kohinoor Foods,41.5
Kokuyo Camlin,130.15
Kolte-Patil Devs,485.5
Kome-on Comm,2.11
Konark Synthetic,23.31
Konndor Industries,8.57
Kopran,249.1
Kore Foods,0
Kotak Mahindra Bank,1723.7
Kothari Ferment,78.88
Kothari Petrochem,136.15
Kothari Products,139.1
Kothari Sugars,60.25
Kotia Enterprises,16
Kovai Medical,2576.65
KP ENERGY,401.15
KP ENERGY,401.15
KPI Green Energy,1760.95
KPIT Tech,1583.9
KPR Mill,773.65
KPT Industries,607.4
Kranti Industries,80.07
Kratos Energy,308.7
KRBL,315.7
Krebs Biochem,73.25
Kreon Financial Serv,53.44
Kretto Syscon,0.85
Kridhan Infra,6.3
Krishana Phoschem,259.2
Krishanveer Forge,75
Krishna Capital,18.92
Krishna Filament,0
Krishna Ventures,96.15
Kriti Industries,157.4
Kriti Nutrients,112.25
Kritika Wires,19.3
Krsnaa,665.1
Krypton Industries,37.3
KSB,3834.65
KSE,0
Kshitij Polyline,6
Ksk Energy Ven,0
KSL & Industries,0
Ksolves India,1263.8
KSS,0.15
Kuantum Papers,186.25
Kuber Udyog,7.69
Kuberan Global E,16.82
Kumbhat Financial,14.28
Kunststofe Inds,33.47
Kush Industries,0
Kushal,2.24
Kuwer Industries,13.6
Kwality,2.2
Kwality Cr & Leasing,7.6
Kwality Pharma,506
KZ Leasing & Fin,35.5
L&T,3655.25
L&T Fin Holdings,171.4
L&T Tech Services,5312.15
La Opala Rg,342.5
La Tim Metal & Inds,17.35
Lactose India,165.4
Ladam Affordable,8.3
Ladderup Finance,33.65
Laffans Petrochem,45.69
Lagnam Spintex,119.65
Lahoti Overseas,50.04
Lakhotia Polyester,41.25
Lakshmi Auto Loom,1872.9
Lakshmi Electrical,0
Lakshmi Finance,205.15
Lakshmi Machine,14671.1
Lakshmi Mills Co,0
Lambodhara Textile,169
Lancer Container,149.7
Lancer Container,149.7
Lancor Holdings,60.94
Landmarc Leisure,1.08
Landmark Cars,771.5
Lasa Supergenerics,29.65
Last Mile Enterprise,656.5
Latent View Anal,524
Latteys Industries,18.95
Laurus Labs,408.9
Laxmi Cotspin,32.65
Laxmi Goldorna,265.3
Laxmi Organic Inds,257.45
LCC Infotech,2.5
Le Lavoir,100.27
Lead Financial,22.74
Leading Leasing,2.35
Ledo Tea,32.4
Lehar Footwears,132.9
Lemon Tree Hotels,141.35
Lerthai Finance,480.1
Lesha Industries,4.3
Lexus Granito,40.35
LG Balakrishnan,1189.55
LGB Forge,11.05
Libas Consumer Prods,22
Liberty Shoes,309.6
Libord Finance,10.33
Libord Securities,11.77
LIC,1036.25
LIC Housing Finance,648.4
Likhami Consulting,142.25
Likhitha Infra,264.35
Likhitha Infra,264.35
Lime Chemicals,36.6
Linaks Micro Elec,1.12
Linc,551.65
Lincoln Pharma,680.5
Linde India,5525.6
Link Pharmachem,47
Lippi Systems,18.1
LKP Finance,0
LKP Securities,19.31
Lloyds Engr Works,58.8
Lloyds Metals,588.8
LNSEL,12.14
Lohia Securities,195
Lokesh Machines,330.4
Longspur Ventures,10.02
Longview Tea Co,48.48
Looks Health Serv,5.86
Lords Chloro Alkali,129.5
Lords Ishwar Hotels,16.8
Lorenzini Apparels,459.7
Lotus Chocolate Co,341.65
Lotus Eye Hosp,64.8
Lovable Lingerie,139.2
Loyal Equipments,151.65
Loyal Textile Mills,615
LPDCL,9.95
LT Foods,178.75
LTIMindtree,5294.9
Ludlow Jute,86.45
Luharuka Media,5.08
Lumax Auto Tech,480.2
Lumax Industries,2373.65
Lupin,1634.4
Lux Industries,1172.35
LWS Knitwear,38.86
Lyka Labs,123.1
Lykis,58.93
Lynx Machinery,108.5
Lypsa Gems,7.35
M Lakhamsi Inds,2.2
Maan Aluminium,144.85
Maan Aluminium,144.85
Mac Charles,467
Machino Plastics,228.7
Macpower CNC,870
Macro Intl,38.94
Macrotech Devs,1170.15
Madhav Copper,38.65
Madhav Infra Proj,10.77
Madhav Marbles,50.15
Madhucon Projects,8.75
Madhur Industries,0
Madhusudan Inds,0
Madhusudan Secs,36.21
Madhuveer Com 18,67.5
Madras Fertilizers,97.95
Maestros Elec,123.75
Mafatlal Industries,0
Mafatlal Industries,142.05
Magadh Sugar,626.65
Magellanic Cloud,628.95
Magna Electro,456.35
Magnanimous Trade,3.84
Magnum Ventures,60.05
Magnus Retail,5.9
Maha Rashtra Apex,136.95
Mahaan Foods,41
Mahamaya Steel,104.9
Mahan Industries,2.46
Mahanagar Gas,1500.6
Maharashtra Corp,1.56
Maharashtra Scooters,7562
Maharashtra Seamless,957.7
Mahaveer Infoway,10.2
Mahavir Industries,0.91
Mahesh Developers,12.27
Maheshwari Logistics,74.6
Mahindra & Mahindra,1960.1
Mahindra EPC Irrig,132
Mahindra Financial,287.65
Mahindra Holidays,418.25
Mahindra Lifespace,593.1
Mahindra Logistics,439.3
Maithan Alloys,1120.95
Maitri Enterprises,41.47
Majestic Auto,0
Makers Laboratories,129.45
Mallcom,953.4
Malu Paper Mills,47.7
Man Industries,404.25
Man Infraconstruction,208.85
Manaksia,123.15
Manaksia Aluminium,32.85
Manaksia Coated,41.15
Manaksia Steels,74
Manali Petrochem,70.25
Manappuram Finance,181.05
Manbro Industries,632.75
Mandhana Retail,16.3
Mangalam Cement,730.8
Mangalam Drugs,122.1
Mangalam Global Entr,22
Mangalam Indl,5.15
Mangalam Organics,351.85
Mangalam Seeds,329.45
Mangalam Timber Prod,17.35
Mangalore Chemical,123.9
Mangalore Refinery,233.1
Manjeera Constr,0
Mankind Pharma,2139.6
Manoj Vaibhav Gems,244.05
Manomay Tex India,181.25
Manor Estates,4.55
Manorama Inds,2074.15
Manraj Housing Fin,39.5
Mansi Finance,59.96
Manugraph India,25.45
Maral Overseas,78.2
Marathon Nextgen,521.55
Marble City Indi,18.94
Marg Techno-Projects,32
Margo Finance,50.34
Marico,528.45
Marine Electrials,108.1
Maris Spinners,40.62
Markolines Traffic,147.45
Marksans Pharma,156.25
Marshall Machines,38.45
Martin Burn,55.39
Maruti Infra,169.15
Maruti Securities,7.68
Maruti Suzuki,11567.2
MAS Financial,322.95
Mask Investments,85.2
Mastek,2951.95
Master Chemicals,29.6
Master Trust,795.95
Mathew Easow Research,8.19
Matrimony,530.3
Mauria Udyog,10.85
Mawana Sugars,99.65
Max Estates,273.25
Max Fin Services,970.25
Max Healthcare,770.35
Max Heights Infra,64.98
Max India,0
Max India,210.8
Max Ventures & Inds,216.2
Maxgrow India,1.22
Maximaa Systems,0.84
Maximus Intl,25.45
Maximus Intl,25.45
Mayukh Dealtrade,13.83
Mayur Floorings,10.15
Mayur Leather Prod,6.73
Mayur Uniquoters,520.45
Mazagon Dock Ship,2104.4
Mazda,1427.15
MBAPL,285.65
MBL Infrastructures,48.1
Mcdowell Holdings,68.75
MCFL,109.5
McLeod Russel,35.7
MCX,3826.35
Medi Assist Health,510.95
Media Matrix,19.22
Mediaone Glob Enter,36.7
Medicamen Biotech,490.9
MediCaps,0
Medico Intercont,62.74
Medico Remedies,88.45
Medico Remedies,88.45
Medinova Diagnostic,40.4
Medplus Health Services,692.3
Meera Industries,52.28
Mefcom Capital Mkts,14.85
Mefcom Capital Mkts,14.85
Mega Corporation,3.34
Mega Nirman & Inds,17.1
Megasoft,88.65
Megastar Foods,343.2
Megh Mayur Infra,0.13
Meghmani,98.75
Meghmani Finechem,1206.45
Meglon Infra-Real,2.65
Megri Soft,104.9
Mehai Technology,25
Mehta Housing Fin,118
Mehta Integrated Fin,27.56
Mehta Securities,30.43
Melstar Info Tech,5.3
Mena Mani Inds,11.74
Mena Mani Inds,11.74
Menon Bearings,135.5
Menon Pistons,103
MEP Infra Devs,15.2
Mercantile Ventures,25
Mercator,0.85
Mercury Labs,843.6
Mercury Metals,89.29
Mercury Trade Links,3.1
Metal Coatings,93.02
Metalyst Forgings,4
Metro Brands,1130.55
Metroglobal,0
Metropolis,1699.05
Meyer Apparel,1.78
MFL India,0.79
MFS Intercorp,9.59
MIC Electronics,48.9
Mid India Inds,0
Midas Infra Trade,1.15
Mideast Int Steels,9.58
Mideast Portfolio Mgmt,10.93
Midwest Gold,19.45
Mihika Industries,26.3
Milestone Global,33
Milgrey Finance,83.63
Milkfood,554.4
Millennium Online,1.94
Minal Industries,6.07
Minaxi Textiles,2.85
Minda Corporation,431.25
Mindteck (India),225.7
MindTree,3433.85
Mini Diamonds,28.03
Mipco Seamless Rings,31.47
MIRC Electronics,24.7
Mirza International,52.25
Mishka Exim,34.5
Mishra Dhatu Nigam,427.35
Mishtann Foods,21.11
MITCON Consultancy,130.7
Mitshi India,25.28
Mitsu Chem Plast,172.6
Mittal Life Style,2.45
Mittal Life Style,2.45
Miven Machine Tools,97.3
MK Exim (India),81.24
MK Proteins,43.6
MK Proteins,43.6
MKP Mobility,183.75
MKVentures Cap,1849.15
MM Forgings,926.55
MM Rubber Company,106.95
MMP Industries,274.7
MMTC,78.75
MO Financial,1672.55
Modella Woollens,72.01
Modern Converters,69.23
Modern Dairies,32.64
Modern India,46.25
Modern Insulators,0
Modern Shares,36.54
Modern Steel,23.54
Modex Internatl. Sec,3.33
Modi Naturals,252.9
Modipon,0
Modison,124
Modulex Construction,12.94
Mohit Industries,22.05
Mohit Paper Mills,32.78
Mohite Industries,40.5
Mohota Industries,4.6
MOIL,281
Moksh Ornaments,26
Mold-Tek Packaging,856.05
Mold-Tek Tech,216.85
Monarch Networth,630.3
Moneyboxx Finance,258.95
Monind,26.63
Monotype India,0.88
Monte Carlo Fashions,637.65
Moongipa Capital,34.25
Morarjee Textiles,22.75
Morarka Finance,160.05
Morepen Labs,50.8
Morgan Ventures,40.56
Morganite Crucible,1449.5
Moschip Tech,97.65
Motherson Sumi Wiring India,71.45
Motisons Jewellers,172.1
Motor & Gen Finance,37.5
Mount Housing,28.56
MP Agro Industries,8.89
MPDL,43.42
MPF Systems,15.13
Mphasis,2657.3
MPIL Corporation,0
MPL Plastics,0
MPS,1656.25
MPS Infotecnics,0.6
MPS Pharmaa,3.06
MRC Agrotech,12.61
Mrkt Creators,10.99
MRO-TEK Reality,79.15
Mrs Bectors Food,1097.65
MRT,293
MSP Steel & Power,32.15
MSR India,11.43
MSTC,954.75
MT Educare,3.95
MTAR Technologies,1920
MTNL,43.85
Mudra Financial,4.1
Mudunuru,14.83
Mufin Green Finance,210.6
Mufin Green Finance,210.5
Mukand,173.65
Mukand Engineers,30.75
Mukat Pipes,0
Mukesh Babu Fin,152.05
Mukta Agriculture,4.07
Mukta Arts,80
Muller & Phipps,204.75
Multibase India,273.3
Multipurpose,9.03
Munjal Auto Inds,92.45
Munjal Showa,195.7
Munoth Cap Market,199.8
Munoth Communication,12.77
Munoth Fin Serv,70.51
Murudeshwar Ceramics,55.55
Music Broadcast,21.15
Muthoot Capital Serv,316.75
Muthoot Finance,1319.45
Muthoot Microfin,233.85
Muzali Arts,1.29
MY Money Securities,14.71
Mysore Petro Chem,0
Mystic Electronics,5.65
N2N,25
NAAPBOOKS Limited,207.75
NACL Industries,71
Naga Dhunseri Group,2450
Nagarjuna Agri Tech,12.56
Nagarjuna Fertilizer,12
Nagpur Power & Inds,106
Nagreeka Capital,19
Nagreeka Exports,36.1
Nahar Cap & Fin,308.5
Nahar Inds Enter,135.5
Nahar Poly Films,200.8
Nahar Spinning Mills,322.85
Nakoda Group of Inds,50.25
Naksh Precious Metal,15.28
NALCO,165.8
Nalin Lease Finance,51
Nalwa Sons Invst,3452.4
Nam Securities,102.15
Nanavati Ventures,50.25
Nandan Denim,37.45
Nandani Creation,62.75
Naperol Investments,0
Narayana Hrudayalaya,1319.9
Narayani Steels,195.6
Narbada Gems,73.01
Narendra Investments,58.83
Narendra Properties,48.1
Narmada Agrobase,25.7
Narmada Drip,11.33
Narmada Gelatines,0
NATCAPSPP,462.55
Natco Pharma,993.65
Nath Bio-Genes,205.65
Nath Industries,75
National Fertilizers,101.9
National Fittings,111.95
National General Inds,76.33
National Oxygen,45.4
National Plastic Inds,83.49
National Plastic Tech,447.6
National Plywood Inds,6.2
National Steel &Agro,3.95
National Stndrd,5074.4
Natraj Proteins,47.95
Natura Hue Chem,7.48
Natural Biocon,11.63
Natural Capsules,329.55
Naturite Agro Prod,105.85
Nava,526
Navin Fluorine,3069
Navkar Corporation,108.5
Navkar Urban,4.86
Navketan Merchants,1.04
Navneet Education,152.2
Naysaa Securities,249.2
Nazara Technologies,767
NBCC (India),134.5
NBI Industrial Fin,1900.4
NCC,255.3
NCL Industries,227
NCL Research,0.82
NCL Research & Fin,0.82
ND Metal Industries,100.24
NDA Securities,87.54
NDR Auto Components,912.75
NDTV,259.5
Nectar Life Sciences,38.3
Neelamalai Agro,3966.9
Neelkanth,51.43
Neeraj Paper Marketing,20.05
Negotium Intl Trade,0.67
Neil Industries,19.08
Nelcast,158.3
Nelco,787.4
Neo Infracon,15.63
Neogem India,4.56
Neogen Chemicals,1322.8
Nesco,865.4
Nestle India,2594.9
Nestle India,2594.9
Net Pix Digital,31.5
Netlink Solutions,108
Netripples Software,5.51
Nettlinx,101.65
Netweb Technologies,1802.5
Network18 Media,105.5
Neueon Towers,3.2
Neuland Labs,7208.35
New India Assurance,272.3
New Light Apparels,18
Newgen Software Tech,850.25
Newtime Infra,47.75
Next Mediaworks,6.85
Nexus Surgical,13.48
NG Industries,173.15
NGL Fine Chem,2014.6
NHC Foods,42.66
NHPC,90.45
NIBE,1685.95
Nicco Parks,144.55
Nicco Uco Alliance,0.29
Nidhi Granites,165
Nihar Info Global,8.41
NIIT,126.1
NIIT Learning Sys,516.35
Nikhil Adhesives,132.75
Nikki Global Finance,12.24
NIKS Technology,455.85
Nila Infrastructures,13.35
Nila Spaces,5.35
Nilachal Refractories,79.85
NILE,1473.85
Nilkamal,1976
Nimbus Projects,35.55
NINtec Systems,518.6
Nippon Life India AM,516.45
Niraj Cement Struct,47.2
Nirav Commercials,724.4
Nirlon,0
Nirmitee Robotics,119
Nishtha Fin.&Invest,7.45
Nitco,68.3
Nitin Castings,599.4
Nitin Spinners,358.2
Nitiraj Engg,169.8
Nitta Gelatin,0
Nivaka Fashions,4.88
Niyogin Fintech,78.4
NK Industries,54.9
NLC India,231.6
NMDC,234.7
NMDC Steel,63.45
NMS Global,90.84
NOCIL,266.45
Noida Toll Bridge Co,10.15
Norben Tea & Exports,12.8
Norris Medicines,18.83
North Eastern Carrying,33.95
Northlink Fiscal,26.1
Nouveau Global Ven,0.49
Nova Iron & Steel,0
Novartis India,672.25
NPR Finance,21.8
NR Agarwal Inds,447.25
NRB Bearings,323.25
NRB Inds Bearings,33.15
NRL,14.24
NTC Industries,126.4
NTPC,341.75
Nucleus Software,1396.95
Nupur Recyclers,127.4
Nureca,342.65
Nutech Global,31.5
Nutraplus India,2.1
Nutricircle,226.3
Nuvama Wealth,4097.5
Nuvoco Vistas,337.3
Nuway Organic,25.8
NXTDigital,108.35
Nykaa,159.45
Nyssa Corporation,8.05
Oasis Securities,107.99
OBCL,62
Oberoi Realty,1371.1
Objectone Info Sys,16.12
Oceanaa Biotek,2.4
Oceanic Foods,30.25
OCL Iron and Steel,1.85
Octal Credit Capital,19.53
Octavius Plantations,77
Odyssey Corporation,9.5
Odyssey Tech,77.74
OFSS,7759.5
Oil Country Tubular,35.55
Oil India,592.75
OK Play India,192.3
Olectra Greentech,1976.75
Olympia Industries,59.95
Olympic Cards,4.15
Olympic Oil Inds,16.67
Om Infra,128.15
Omansh Enterprises,0.51
Omax Autos,113
Omaxe,106.75
OMDC,6744.1
Omega Interactive,356
Omkar Overseas,4.09
Omkar Pharmachem,22.48
Omkar Spl Chemicals,7.95
Omni AxS Software,4.66
Omnipotent Indus,12.36
Omnitex Inds,165.9
One Global Service,85.73
One Point One Solutions,57.7
Onelife Capital Advisors,19.85
Onesource Ideas Venture,80.92
ONGC,271.9
Onmobile Global,83.65
Ontic Finserve,0.7
Onward Technologies,536.75
Optiemus infracom,309.2
Optimus Finance,119.3
Opto Circuits,1.8
Oracle Credit,158
Orbit Exports,179.2
Orchid Pharma,1202.1
Organic Coatings,11
Oricon Enterprises,39.55
Orient Abrasives,64.15
Orient Bell,371
Orient Beverages,370.45
Orient Cement,237.9
Orient Electric,208.7
Orient Green Power,23.1
Orient Paper,50.45
Orient Press,97.8
Orient Tradelink,8.92
Oriental Aromatics,352.65
Oriental Carbon,771.3
Oriental Hotels,134.55
Oriental Rail Infra,283.95
Oriental Trimex,11.4
Orosil Smiths India,4.28
Ortin Laboratories,19.95
Oscar Global,13.7
Osia Hyper Retail,36.25
Osia Hyper Retail,36.25
Osiajee Texfab,36.05
Oswal Agro Mills,44.95
Oswal Greentech,36.6
Oswal Overseas,4.9
Oswal Yarns,5.83
OTCO International,7.19
Ovobel Foods,220.2
Oxygenta,37.33
P&G,16030.6
P&G Health,5115.3
Pacheli Inds Fin,12.74
Pacific Industries,0
Pact Industries,1.36
Padam Cotton Yarns,48.81
Padmalaya Telefilms,0
Padmanabh Alloys,23.97
Padmanabh Industries,4.9
PAE,7.05
Pagaria Energy,10.75
Page Industries,35531.2
Paisalo Digital,190.9
Pakka,320.15
Palash Securities,117
Palco Metals,82.64
Palm Jewels,21.67
Palred Technologies,169.95
Palsoft Infosystems,5.4
Pan Elctrncs,44.34
Pan India Corp,0
Panabyte Technologs,27
Panacea Biotec,155.35
Panache Digilife,75.1
Panafic Industrials,1.72
Panama Petrochem,349.9
Panasonic Carbon,0
Panasonic Energy,0
Panchmahal Steel,0
Panchsheel Organics,0
Panjon,18.61
Pankaj Piyush Trade,102.5
Pankaj Polymers,9
Panorama Studios,948.4
Pansari Developers,101.85
Panth Infinity,8.74
Panyam Cements,183.3
Paos Industries,9.7
Par Drugs & Chemical,206.2
Parab Infra,0
Paradeep Phsphts,77.05
Parag Milk Foods,245.5
Paragon Finance,52.11
Paramount Comm,80.1
Paramount Cosmetic,40.94
Paras Defence,732.9
Parenteral Drugs,2.9
Parker Agro Chem,26
Parle Industries,8.43
Parmax Pharma,32.49
Parnax Lab,89.89
Parshva Enterprises,211
Parshwanath Corp,71.54
Parsvnath Developers,14.6
Parvati Sweetners,12.36
Pasari Spinning,7.58
Pasupati Acrylon,46.8
Pasupati Spinning,0
Patanjali Foods,1602.95
Patel Engineering,67.95
Patel Logistics,25.7
Patels Airtemp,450.2
Patidar Buildcon,10.83
Patspin India,14.1
Paul Merchants,962.35
Paushak,5452.55
Pavna Industries,486.7
Paytm,414.4
Pazel Intl,0.54
PBA Infrastructure,13.65
PBM Polytex,93.06
PC Jeweller,63.2
PCBL,298.6
PCS Technology,21.6
Pds In,517.75
Pearl Global Inds,650.45
Pearl Polymers,38.65
Pee Cee Cosma Sope,409.05
Peeti Securities,24.35
PEFL,105.3
Peninsula Land,58.85
Pennar Industries,137.7
Pentamedia Graphic,0
Pentokey Organy,59.06
People's Investment,33.95
Perfect-Octave,2.84
Perfectpac,106
Peria Karamalai Tea,372.7
Permanent Magnets,0
Persistent Systems,8575.85
Petronet LNG,281.85
Pfizer,4522.3
PG Electroplast,1841.75
PG Foils,200
PH Capital,150.35
Phaarmasia,32.33
Pharmaids Pharma,60
Phoenix Intl,0
Phoenix Mills,2772.55
Phoenix Township,97.4
Phosphate Company,156.05
Photon Capital Adv,63.84
Photoquip (India),25.92
Phyto Chem India,38.8
PI Industries,3688
Piccadily Agro,367.25
Piccadily Sugar,0
Picturehouse Media,10.34
Pidilite Industries,2742.2
PIL,12.78
Pil Italica Lifestyle,14.6
Pilani Investment,3591.2
Pioneer Agro Extracts,9.31
Pioneer Distilleries,180.55
Pioneer Embroideries,47.6
Pioneer Investcorp,46.19
Piramal Enterprises,934.85
Piramal Pharma,132.5
Pitti Engineering,795.65
PIX Transmission,1386.45
Plastiblends India,264.5
Plaza Wires,96.4
PM Telelinks,5.49
PMC Fincorp,2.91
PNB,125.8
PNB Gilts,111.35
PNB Housing Finance,732.55
PNC Infratech,436.25
POCL Enterprises,305.3
Poddar Housing,104.05
Poddar Pigments,383.9
Pokarna,502.2
PolicyBazaar,1113
Polo Hotels,12.87
Polo Queen Inds,45.18
Polson,13703.15
Poly Medicure,1610.5
Polycab India,4794.35
Polychem,0
Polycon International,15.56
Polylink Polymer,36.57
Polymechplast Machines,55.85
Polyplex Corporation,875.45
Polyspin Exports,50.96
Polytex India,6.5
Pondy Oxides,757.4
Ponni Sugars,421.5
Poojawestern Metaliks,52.84
Poona Dal & Oil,61.8
Poonawalla Fincorp,465.4
Popular Estate,24.16
Porwal Auto Comp,65.19
Power & Instrument,73.55
Power Finance Corp,415.5
Power Grid Corp,286.85
Power Mech Projects,5126.1
PPAP Automotive,209.45
Prabhat Dairy,99.6
Prabhat Telecoms,100
Prabhhans Inds,92.14
Pradeep Metals,252.45
Pradhin,50
Pradip Overseas,1.15
Prag Bosimi Syn,0
Praj Industries,502.6
Prajay Engineers,23.7
Prakash Industries,181.4
Prakash Pipes,417.4
Prakash Steelage,8.3
Prakash Woollen,37.64
Pranavaditya Spinning,18.45
Prataap Snacks,1101.75
Pratik Panels,9.28
Pratik Panels,9.28
Pratiksha Chemicals,26.93
Praveg,909.55
Praxis Home Retail,21.05
Precision Camshafts,222.95
Precision Containeurs,2.16
Precision Electronics,144.3
Precision Wires,142.35
Premco Global,391.65
Premier,2.85
Premier Capital Serv,4.45
Premier Explosives,1554.25
Premier Pipes,2.68
Premier Polyfilm,222.35
Premier Synthetics,17
Prerna Infrabuild,34.16
Pressman Advertising,266.45
Pressure Sensitive,11.46
Prestige Estates,1213.35
Prevest Denpro,395
Pricol,405.55
Prima Agro,29.75
Prima Industries,21.8
Prima Plastics,204.65
Prime Focus,117.1
Prime Property Dev,32.82
Prime Securities,185.45
Prime Urban Dev,9.8
Primo Chemicals,0
Prince Pipes,579.25
Prism Johnson,174.35
Prism Medico,29.08
Prismx Global,1.5
Prithvi Exchange,0
Priti International,181.55
Pritika Auto Inds,37.25
Pritish Nandy Comm,63.3
Privi Speciality Chem,1197.35
Priya,0
Pro Fin Capital,1.57
Proaim,0
Procal Electronics,0.58
Progrex Ventures,16.62
Promact Impex,14.71
Protean e-Gov Tech.,1147
Provestment Serv,7.8
Prozone Realty,36.8
Prudent,1348.3
PSP Projects,711.8
PTC Financial Serv,44.9
PTC India,204.65
PTC Industries,8344.3
PTL Enterprises,45.15
Pudumjee Paper,68.75
Pulsar International,79.55
Puncom Commns,0
Punjab & Sind Bank,64.65
Punjab Chemicals,1055.4
Puravankara,247.15
Purohit Construction,12.87
Purple Entertainment,6.69
Purshottam Investofin,48.52
PVP Ventures,34.05
PVR,1398.15
PVV Infra,28
Pyramid Technoplast,175.7
QGO Finance,70.12
Quadrant Televentures,2.19
Quantum Build-Tech,3.68
Quantum Digital,19.31
Quasar India,17.11
Quess Corp,514.15
Quest Capital,348.85
Quest Finl. Services,0.45
Quest Softech,49.96
Quick Heal Tech,565.05
Quint Digital,135.8
R & B Denims,58.05
R Systems Intl,463.1
R&B Denims,58.05
Raaj Medisafe,62.29
Raasi Refractories,33.64
Race Eco Chain,366.45
RACL Geartech,1153.65
Radaan Media Works,2.4
Radha Madhav Corp,2
Radhagobind Comm,2.26
Radhe Developers,3.74
Radhika Jeweltech,65.35
Radhika Jeweltech,65.35
Radiant Cash Mgmnt.,86.15
Radico Khaitan,1610.8
Radix Industries,149.45
Raghav Productivity,630.8
Raghunath Intl,13.78
Raghuvir Synthetics,130.65
Rahul Merchandising,14.58
Rail Vikas Nigam,250.95
Railtel Corp,458.9
Rain Industries,182.85
Rainbow Children,1300.65
Rainbow Denim,3.44
Rainbow Foundations,16.97
Raj Oil Mills,47.8
Raj Packaging Inds,29
Raj Rayon Industries,0.35
Raj Television,61.95
Raja Bahadur Intl,3950
Rajapalayam Mills,0
Rajasthan Cylinders,36.14
Rajasthan Gases,15.14
Rajasthan Tube,42.77
Rajath Finance,21.79
Rajdarshan Inds,49.75
Rajesh Exports,321.6
Rajeswari Infra,4.45
Rajkamal Synthetic,25.86
Rajkot Investment,31.97
Rajnandini Metal,13.5
Rajnandini Metal,13.5
Rajnish Wellness,10.44
Rajnish Wellness,10.44
Rajoo Engineers,202.35
Rajputana Investment,49.37
Rajratan Global Wire,654.65
Rajshree Polypack,103.45
Rajshree Sugars,73.55
Rajvi Logitrade,8.45
Rallis India,262.1
Ram Minerals,0.49
Ram Ratna Wires,286.75
Rama Paper Mills,20.75
Rama Petrochemicals,0
Rama Phosphates,193.95
Rama Steel Tubes,40.35
Rama Vision,0
Ramasigns Industries,2.52
Ramchandra Leasing,1.1
Ramco Cements,840.1
Ramco Industries,225.95
Ramco Systems,322.05
Ramgopal Polytex,0
Raminfo,143.1
Ramkrishna Forgings,783.6
Ramky Infrastructure,600.6
Ramsons Projects,26
Rana Sugars,23.8
Rander Corporation,11.83
Rane (Madras),760.45
Rane Brake Linings,765.9
Rane Engine Valve,369.45
Rane Holdings,1118.05
RAP Media,19.11
Rapicut Carbides,122.05
Rapid Investments,105
Ras Resorts,42.12
Rasandik Engg Inds,91.49
Rashi Peripheral,356.45
Rashtriya Chemical,144.35
Rasi Electrodes,25.06
RateGain,821.5
Rathi Bars,42.81
Rathi Steel,61.27
Ratnabhumi Developer,133
Ratnamani Metals,3145.25
Ratnaveer Precision,136.4
RattanIndia Entr,82.75
RattanIndia Power,9.95
Raunaq lnternational,43.81
Ravalgaon Sugar,0
Ravalgaon Sugar,1255.7
Ravi Kumar Distill,23.6
Ravileela Granites,36.43
Ravinder Heights,46.45
Ravindra Energy,93.59
Raw Edge Inds Soln,36.99
Raymed Labs,2.11
Raymond,1837.3
RBL Bank,270.8
RBZ Jewellers,165.2
RCC Cements,12.56
RCI Industries,6.09
RDB Rasayans,159.9
RDB Realty & Infra,164
Real Eco Energy,38.16
Real Strips,8.6
Real Touch,45.44
RECL,462.25
Redington,209.45
Redtape,604.05
Refex Industries,663.45
Refex Renewbl&Infra,593.35
Refnol Resins,102.85
Regal Entertainement,5.85
Regaliaa Realty,0
Regency Fincorp,12.5
Regency Trust,3.23
Regent Enterprises,4.28
Regis Ind.,101.9
Rekvina Labs,4.5
Relaxo Footwears,831.95
Reliable Ventures,30
Reliance Capital,12.35
Reliance Chemo,225.75
Reliance Comm,2
Reliance Home Finance,2.95
Reliance Inds Infra,1475.15
Reliance Industries,2982.15
Reliance Infrastructure,226.05
Reliance Naval,2.3
Reliance Power,23.75
Relic Technologies,17
Relicab Cable,94.3
Religare Enterprises,235.15
Remedium Lifecare,126.75
Remedium Lifecare,126.75
Remedium Lifecare,126.75
Remi Edelstahl,80.02
Remi Elektro,0
Remi Sales,0
Remi Securities,15.41
Remsons Industries,1047.2
Renaissance Global,129.55
Repco Home Finance,445.15
Repro India,853.85
Resonance Specialties,108.15
Response Informatics,81
Responsive Industries,307.25
Restaurant Brands,108.7
Restile Ceramics,4.44
Rexnord Electronics,119.9
RGF Cap Markets,0.7
RHI Magnesita,578.1
Riba Textiles,72.3
Rich Universe,19.3
Richa Industries,1.95
Richfield Fin Sers,32.04
Richirich Inventures,9.06
Rico Auto Inds,130.05
Riddhi Corporate Serv,127.3
Riddhi Siddhi GluCo,591.7
Ridhi Synthetics,4.11
Riga Sugar Co,5.25
RIR Power Electronic,916.55
Risa International,0.79
Rishabh Digha Steel,45.42
Rishabh Instruments,511.6
Rishi Laser,85.99
Rishi Techtex,0
Rishiroop,193.7
Rita Finance,23
Ritco,251.15
RITES,791.85
Ritesh International,27.98
Ritesh Properties,44.2
RKD Agri & Retail,7.65
RKEC Projects,102.8
RLF,9.7
RO Jewels,4.14
RO Jewels,4.14
Robust Hotels,212
Rockon,0
Rodium Realty,50.85
Rohit Ferro-Tech,28.55
Rolex Rings,2033.8
Rollatainers,1.6
Rolta India,3.75
Roopa Industries,59.14
Rose Merc,140
Roselabs Fin,31.01
Rossari Biotech,740.3
Rossell India,424.7
Roto Pumps,400.5
Rotographics India,38.89
Route Mobile,1591.85
Royal Cushion Vinyl,0
Royal India Corp,8.38
Royal Orchid Hotel,403.5
Royale Manor Hotel,44.37
RPG Life Sciences,1560.8
RPP Infra Projects,114.55
RPSG Ventures,704.9
RR Financial,15.21
RR Kabel,1462.3
RR Metalmakers,46.2
RRIL,28.19
RS Software,188.6
RSC International,9.76
RSD Finance,99.8
RSWM,198
RTCL,23.14
RTS Power Corp,177.2
Rubfila Intl,0
Rubra Medicaments,8.4
Ruby Mills,218.75
Ruchira Papers,132.2
Rudra Ecovation,52.7
Rudra Global Infra,49.29
Rudra Global Infra,49.29
Rudrabhishek Entr,209.85
Rungta Irrigation,71
Rupa & Company,273.6
Rushil Decor,349.05
S & S Power Switch,274.35
S & T Corporation,33.8
S & T Corporation,33.8
S Chand & Co,267.85
SAB Events,7.65
SAB Industries,172
Saboo Sodium Chloro,18.8
Sabrimala Industries,5.64
Sacheta Metals,23.35
Sadbhav Engineering,34
Sadbhav Infra,8.85
Sadhana Nitro Chem,75.6
Sadhna Broadcast,4.87
Safari Industries,2040.85
Saffron Industries,8
Sagar Cements,251.65
Sagar Soya Products,1.41
Sagar Systech,61.75
Sagardeep Alloys,29
Sagarsoft India,193.25
Sah Polymers,118.3
Sahara Hsg Fin,52
Sahara One Media Ent,15.65
Sahyadri Industries,404.25
Sai Baba Invest,1.4
Sai Capital,154.8
Sai Silks (Kalaman),228.65
Saianand Commercial,0.68
SAIL,137.65
Sainik Finance,40
Saint-Gobain,130.2
Sakar Healthcare,376.8
Saksoft,268.55
Sakthi Finance,0
Sakthi Sugars,36.3
Sakuma Exports,26.05
Sal Automotive,573
SAL Steel,21.8
Salasar Techno,24.25
Salem Erode,52.5
Salguti Industries,34.2
Salona Cotspin,337
Salora International,0
Salzer Electronics,737.1
Sam Industries,0
Sambandam Spinning,0
Sambhaav Media,6.1
Samhi Hotels,226.65
Samkrg Pistons,164.95
Sampann Utpadan,22.3
Sampre Nutritions,69.89
Samrat Forgings,330
Samrat Pharmachem,366.6
Samsrita Labs,16.8
Samtex Fashions,2.55
Samvardhana Motherson,120.05
Samyak Intl,22.95
Sanathnagar Entr,0
Sanblue Corporation,43.49
Sanchay Finvest,42
Sanco Industries,6.25
Sanco Trans,605.2
Sandesh,1311.95
Sandhar Technologies,534.05
Sandu Pharma,68.08
Sandur Manganese,413.85
Sangal Papers,191.05
Sangam Finserv,96
Sangam India,494.45
Sanghi Corp. Service,4.9
Sanghi Industries,110.15
Sanghvi Forging&Engg,16.4
Sanghvi Movers,1167.35
Sanginita Chemicals,25.95
Sanjivani Paranteral,178.8
Sankhya Infotech,7.5
Sanmit Infra,21.64
Sanofi India,8719.45
Sanrhea Technical,132.6
Sansera Engineering,1023.15
Santosh Fine Fab,34.17
Sanwaria,0.45
Sapphire Foods,1511.65
Saptak Chem,4.88
Saptarishi Agro,23.6
SAR Auto Products,1987.7
Saraswati Commercial,5530.05
Sarda Energy,219.35
Sarda Energy,219.35
Sarda Proteins,69.5
Saregama India,408.6
Sarla Performance,65.8
Sarthak Global,12.42
Sarthak Inds,0
Sarthak Metals,249.75
Sarup Industries,42
Sarveshwar Foods,14.7
Sarveshwar Foods,14.7
Sarvottam Finvest,39.66
Sashwat Technocrats,124.55
Sasken Technologies,1695.95
Sastasundar Ventures,353.7
Sat Industries,108.25
Satchmo Holdings,0
Sathavahana Ispat,2.45
Satia Industries,124.8
Satin Creditcare,237.65
Satra Properties,0.99
Saumya Consultants,134
Saurashtra Cement,113.85
Savani Financials,20.82
Saven Technologies,64
Savera Industries,0
Savita Oil Tech,449.4
Sawaca Business,1.34
Sayaji Hotels,0
Sayaji Industries,190
SBC Exports,23.45
SBEC Sugar,43.34
SBEC Sys.,32.87
SBFC Finance,85.55
SBI,773.3
SBI Cards,721.3
SBI Life Insurance,1546.8
SBL Infratech,29.02
SC Agrotech,13.71
Scan Projects,46.7
Scan Steels,81.64
Scanpoint,5.71
SCAPDVR,4.8
Schablona India,10.87
Schaeffler India,2907.05
Schneider Electric,629
Scintilla Commercial,5.15
Scoobee Day,81.81
Sea TV Network,10.13
Seacoast Shipping,4.88
SEAMEC,1136.55
Seasons Furnishing,4.25
Seasons Textiles,18.87
SecMark Consultancy,99
Secur Credential,19.6
Securekloud Tech,59.95
Sejal Glass,369.4
SEL Mfg,85.95
Selan Exploration,493.2
Sellwin Traders,15.71
Semac Consultants,2850
Senco Gold,835.95
Senthil Infotek,16.94
SEPC,21.85
SeQuent Scientific,133.4
Sera Investments,18.63
Sera Investments,18.63
Servoteach Inds,26.41
Servotech Power,95.25
Servotech Power,95.25
Servotech Power,95.25
Seshachal Tech,0
Seshasayee Paper,336.4
Setco Automotive,8.45
Setubandhan Infra,0.8
Seven Hill Indus,0.85
Seya Industries,24.1
SFL,137.95
SG Finserve,444.95
SG Mart,553.7
SGN Telecoms,0.84
SH Kelkar & Co,213.95
Shah Alloys,68.2
Shah Foods,190.3
Shah Metacorp,4.05
Shahi Shipping,10.9
Shahlon Silk,28.22
Shaily,554.3
Shaily,554.3
Shakti Press,40.05
Shakti Pumps,1336.2
Shalby,264.9
Shalibhadra Finance,584.4
Shalimar Agencies,43
Shalimar Paints,178.05
Shalimar Productions,0.52
Shalimar Wires Inds,24.41
Shamrock Inds Co,10.4
Shangar Decor,4.43
Shankar Lal Rampal,135.6
Shankara Building,738.7
Shantai Industries,45.58
Shanti Educational,59.21
Shanti Gears,530.25
Shanti Overseas,18.95
Sharad Fibres,44.24
Sharanam Infra,0.85
Sharat Industries,51.96
Sharda Cropchem,360.2
Sharda Ispat,333.25
Sharda Motor,1421.25
Shardul Securities,0
Share India,1905.9
Sharika Enterprises,11.51
Sharp India,0
Sharp Investments,0.8
Sharpline,7.73
Shashank Traders,20.98
Shashijit Infra,5.73
Shashijit Infra,5.73
Shaw Construction,57.85
Sheela Foam,1054.05
Sheetal Cool Prods,412.35
Sheetal Diamonds,67
Shekhawati Poly-Yarn,2.15
Shelter Infra,11.49
Shemaroo Enter,162.8
Shervani Industrial,581.3
Sheshadri Industries,14.98
Shetron,0
Shilchar Tech,4172.5
Shilp Gravures,151.95
Shilpa Medicare,423.15
Shipping Corporation,234.3
ShirpurGold Refinery,4.95
Shish Industries,121
Shiva Cement,51.11
Shiva Global Agro,59.91
Shiva Mills,98.8
Shiva Texyarn,160.25
Shivagrico Implement,32
Shivalik Bimetal,562.95
Shivalik Rasayan,598
Shivam Autotech,46.55
Shivansh Finserve,6.12
Shivom Investment,0.42
Shoppers Stop,737.8
Shradha AI Tech.,64
Shradha Industries,64
Shradha Infraproject,68.65
Shradha Infraproject,68.65
Shree Ajit Pulp,225.7
Shree Bhavya Fabrics,19.47
Shree Cement,25636.55
Shree Digvijay,107.05
Shree Ganesh BioTech,1.39
Shree Ganesh BioTech,1.39
Shree Ganesh Elasto,22.99
Shree Ganesh Remedies,693.9
Shree Global Tradefin Ltd.,38.08
Shree Hanuman Sugar,6.65
Shree Hari Chemicals,88.2
Shree Karthik Papers,12.03
Shree Manufacturing,14.66
Shree Metalloys,33.59
Shree Nidhi Trading,1.56
Shree Pacetronix,172
Shree Precoated,0
Shree Pushkar Chem,189.6
Shree Rajeshw. Paper,1.71
Shree Rama Newsprint,19.3
Shree Rama Tech,27.75
Shree Renuka Sugars,46.8
Shree Securities,0.41
Shree Securities,0.41
Shree Steel Wire,38.83
Shree Vasu Logistics,239.9
Shreeji Translogst,36.41
Shreeji Translogst,36.41
ShreeOswal Seeds,42
ShreeOswal Seeds,42
Shreeram Proteins,1.35
Shreeram Proteins,1.35
Shreevatsaa Finance,20.54
Shrem,116
Shrenik,1.05
Shreyans Industries,246.15
Shreyas Intermediate,10.52
Shreyas Shipping,269.65
Shri Bajrang,282.55
Shri Dinesh Mills,0
Shri Gang Inds,85.87
Shri Jagdamba Poly,611.5
Shri Kalyan Holdings,3.13
Shri Keshav Cements,270
Shri Krishna Devcon,37.1
Shri Niwas Leasing,18.21
Shri Vasuprada Plant,100.6
Shricon Industries,120.05
Shriram AMC,265.35
Shriram City Fin,1921.8
Shriram Finance,2457.15
Shriram Pistons,1699.15
Shriram Properties,126.7
Shrydus Industries,26.28
Shubham Polyspin,24.43
Shukra Bullions,24.8
Shukra Pharma,319.45
Shyam Century,21.3
Shyam Metalics,688.5
Shyam Telecom,12.25
Shyamkamal Invest,9.28
SI Capital,30.92
Sibar Auto Parts,9.88
Sicagen India,24.35
Sical Logistics,7.7
Sical Logistics,237.45
SIDCL,0
Siddha Ventures,10.25
Siddheswari Garments,13.69
Siel Financial Serv,16.99
Siemens,4736.9
Sigachi Inds,82
Sigachi Inds,82
Sigma Solve,417.45
Signatureglobal Ind.,1391
Signet Industries,72.35
Sika Interplant Sys,1579.85
Sikko Industries,85.95
Sikozy Realtors,0.76
SIL Investments,455.8
Silgo Retail,26.15
Silicon Valley Info,0
Silly Monks Enter,17.2
Silver Oak,78.09
Silver Pearl Hospit.,9.9
Silver Touch,703.05
Silveroak,4.43
Simbhaoli Sugars,31.8
Simmonds Marshall,78.43
Simplex Castings,0
Simplex Infra,102.75
Simplex Mills Co,2273
Simplex Mills Co,2273
Simplex Papers,1641.5
Simplex Papers,1641.5
Simplex Realty,165.95
Sinclairs Hotels,124.6
Sindhu Trade Links,37.6
Sindu Valley Tech,18.84
Singer India,0
Sinnar Bidi Udyog,475
Sintercom India,128.3
Sintex Industries,2.3
Sintex Plastics,1.2
SIP Industries,6.01
Sir Shadi Lal Entr,360.35
Sirca Paints India,348.6
Sirohia & Sons,6.44
SIS,439.95
Sita Enterprises,42
Siti Networks,0.75
Siyaram Silk Mills,496.65
Sizemasters Technolg,178.6
SJ Corporation,37.55
SJS Enterprises,644.95
SJVN,120.95
SKF India,4641.25
SKIL Infrastructure,8.35
Skipper,342.7
SKM Egg Products,259.1
SKP Securities,104.48
SKPMIL,40.84
SKS Textiles,13.05
Sky Gold,1141.95
Sky Industries,87.61
Skyline Millars,17.79
Skyline Ventures,8.48
SM Gold,19.22
Smart Finsec,15.04
Smartlink Holdings,171.35
SMC Global Sec,133.65
SMIFS Capital,76.55
Smiths & Founders,5.03
SML Isuzu,2234.85
Smruthi Organics,162.9
SMS Lifesciences,595.55
SMS Pharmaceuticals,152.25
SNL Bearings,357.8
Snowman Logistics,76.95
Sobha,1625.7
Sobhaygya Mercantile,16.25
SOFCOM Systems,51.97
Softrak Venture,11.7
SoftSol India,294
SoftTech,327.8
Solar Industries,6847.35
Solara Active Pharma,461.95
Solid Containers,44
Solid Stone Co,35.98
Solis Marketing,0.5
Solitaire Machine,76.44
Som Datt Finance,0
Som Distilleries,275.95
Soma Papers,40.39
Soma Textiles,28.95
Somany Ceramics,663.2
Somany Home,409.8
Somi Conveyor,105.5
Sona Blw Precisi,694.2
Sonal Adhesives,86.78
Sonal Mercantile,102.77
Sonam,83.8
Sonata Software,822.15
Soni Medicare,25.05
SORIL Infra,66
Source Industries,3.34
Source Natural Foods,98.04
South Asian Entr,45.3
South India Paper,0
South Indian Bank,32.15
Southern Infosys,18.4
Southern Latex,22
Southern Magnesium,238.3
Southern Petrochem,88.8
Sovereign Diamonds,29.37
SP Apparels,618.65
SP Capital Fin,37.38
Space Incubatrics,2.5
Spacenet Entr,36.8
Span Divergent,14.91
Spandana Sphoorty,937.8
Sparc Electrex,23.57
Sparkling (India)Fin,28.05
Speciality Restaurants,226.25
Spectra Industries,5.28
Spectrum Foods,54.75
SPEL Semiconductor,0
Spencer's Retail,113.7
Spenta International,145
Spice Island Apparel,40.5
SpiceJet,31.7
SPL Industries,67.45
SPML Infra,114.15
Sportking India,828.65
Sprayking,248.55
SPS Finquest,67
SPS International,33.25
SPV Global Trading,13.77
Square Four,8.5
Square Four,8.5
SR Industries,2.31
Sree Jayalakshmi,4
Sree Rayalaseema,534.2
Sreeleathers,316.55
SREI Infra Fin,2.1
Srestha Finvest,1.26
SRF,2394.7
SRG Housing Finance,271.7
Sri Adhikari TV,3.75
Sri Amarnath Finance,7.77
Sri KPR Industries,33.8
Sri Krishna Const,5.2
Sri Lakshmi Textile,45.53
Sri Nachammai Mills,33.5
Sri Ramakrishna Mill,48.27
Srikalahasthi Pipes,200.8
SRM Energy,38.01
SRSL,0
SRU Steels,10.63
SSIL,13.89
SSPDL,18.13
Stampede Capital,1.7
Standard Batteries,0
Standard Capital,2.92
Standard Capital,2.92
Standard Surfactants,73.13
Stanpacks India,10.67
Stanrose Mafatlal,88.59
Star Cement,210.35
Star Delta Trans,695.85
Star Health Insurance,566.75
Star Paper Mills,242.9
Starcom Info Tech,71.68
Starlineps Entr,111.5
Starlit Power System,4.95
Starlite Components,2.55
Starlog Enterprises,0
Starteck Finance,327.5
STC,155.7
Steel Cast,647.95
Steel City Secs,80
Steel Exchange India,14.95
Steel Strips Infra,36.61
Steel Strips Wheels,255.05
Steelco Gujarat,0
STEL Holdings,350.75
Stellant Securities,14.4
Step Two Corporation,41.01
Stephanotis Finance,41
Sterling,598.95
Sterling Greenwoods,36.79
Sterling Guaranty,19.68
Sterling Powergensys,16.19
Sterling Tools,369.2
Sterlite Tech,140.1
STI India,2.85
STL Global,17.45
Stove Kraft,491.75
Stovec Industries,2622.95
Stratmont Industries,76.19
Strides Pharma,800.05
Sturdy Industries,0.5
Stylam Industries,1589.5
Styrenix Performance,1445.85
Subex,36.3
Subhash Silk Mills,29.98
Subros,600.9
Sudal Industries,59.62
Sudarshan Chemical,592.4
Suditi Industries,0
Sugal & Damani,30.3
Sujala Trading,33.4
Sujana Universal,0.3
Sukhjit Starch,475.3
Sula Vineyards,557
Sulabh Engineers,5.68
Sumedha Fiscal,52.86
Sumeet Industries,3.7
Sumeru Industries,2.5
Sumit Woods,64
Sumitomo Chemical,376.4
Summit Securities,1365.6
Sumuka Agro Inds,191.8
Sun Pharma Adv Res,381.25
Sun Pharmaceutical,1550.55
Sun Source,2.56
Sun TV Network,628.15
Suncare Traders,1.26
Suncity Synthetics,9.4
Sundaram Brake Lin,700
Sundaram Fin Hold,216.85
Sundaram Finance,4075.15
Sundaram Multi Pap,3.1
Sundaram-Clayton,1483
Sundram Fasteners,1093.3
Sunflag Iron,209.25
Sungold Capital,2.95
Sunil Agro Foods,159
Sunil Healthcare,73.97
Sunraj Diamond,9
Sunrise Indl,7.15
Sunshield Chemicals,870.55
Sunshine Capital,278.6
Sunteck Realty,475.75
Super Bakers,30
Super Crop Safe,18.84
Super house,223.75
Super Sales India,0
Super Spinning Mills,8.7
Super Tannery,10.56
Superior Finlease,1.9
Superior Inds Entr,58.66
Supertex Industries,14.84
Supra Pacific Manage,26.53
Supra Trends,38.94
Suprajit Engineering,429.5
Supreme Engineering,1.2
Supreme Holdings,57.24
Supreme Industries,4120.85
Supreme Infra,77.9
Supreme Petrochem,718.3
Supreme Petrochem,718.3
Supriya Lifescience,351.25
Suraj,224.5
Suraj Estate Develop,340.1
Suraj Industries,98.59
Surana Solar,30.45
Surana Telecom,18
Surat Trade&Min.,12.23
Suratwwala Group,822.95
Surbhi Industries,2.74
Surya India,18.25
Surya Lakshmi Mills,76.55
Surya Roshni,606
Surya Roshni,606
Suryaamba Mills,168
Suryalata Mills,409.6
Suryavanshi Mills,0
Suryo Foods,19.47
Suryoday Small Fin,190.05
Sutlej Textiles,66.1
Suumaya Industries,8.1
Suven Life Science,111.35
Suven Pharma,720.4
Suvidhaa Infoserve,6.5
Suyog Telematics,1190.25
Suzlon Energy,43.95
SV Global Mill,114
SV Trading,7.35
Svam Software,3.29
Svaraj Trading,14.93
Svarnim Trade Udyog,26.01
SVC Industries,0
SVP Global,8.65
SW Invstmnts,66.74
SW Pinnacle,129.25
Swadeshi Industries,2
Swadeshi Polytex,127.05
Swagruha Infra,5.13
Swagtam Trading,84.84
Swan Energy,730.85
Swaraj Engines,2572.45
Swarna Securities,75.82
Swarnsarita,36.2
Swasti Vinayaka Art,5.17
Swasti Vinayaka Syn,8.14
Swastik Safe Deposit,11.73
Swastika Investmart,523.35
Swati Projects,31.38
Swelect Energy,1235.35
Swiss Military Goods,0
Switching Tech,67.62
Swojas Energy Foods,9.21
Sword Edge,0.36
Sybly Industries,8.19
Sylph Technologies,4.72
Sylph Technologies,4.72
Symbiox Investment,3.05
Symphony,916.3
Syncom Formulations,14.15
Syncom Healthcare,4.2
Synergy Green Inds,339.8
Syngene Intl,710.45
Synthiko Foils,83
Syrma SGS Technology,542.25
Syschem (India),57.17
Systematix Corp,896.9
Systematix Secs,5.56
T & I Global,263.95
T Spiritual World,1.72
TAAL Enterprises,2983.55
Taaza International,6.73
Tahmar Enterprises,2.69
Tahmar Enterprises,2.69
Tai Industries,43.04
Tainwala Chemicals,139.85
Taj GVK Hotels,364
Take Solutions,28.5
Talbros Automotive,286.2
Talbros Automotive,286.2
Talbros Engineering,650.95
Talwalkars Better,1.45
Talwalkars Health.,1.05
Tamboli Industries,162.1
Tamilnad Mercantile,487.55
Taneja Aerospace,0
Tanfac Industries,0
Tanla Platforms,979.9
Tantia Constructions,17.95
Tantia Constructions,44.5
Taparia Tools,3.37
Tarai Foods,12.23
Tarapur Transformers,6.15
TARC,160.85
Tarmat,128.15
Tarsons Products,464.65
Tashi India,116.5
Tasty Bite Eatables,13440.1
Tasty Dairy Spl,14.73
Tata Chemicals,973.05
Tata Coffee,344.8
Tata Communications,1914.45
Tata Consumer,1207.25
Tata Elxsi,7792.65
Tata Investment Corp,8027.05
Tata Metaliks,1110.55
Tata Motors,988.35
Tata Motors - DVR,658.25
Tata Power,379.15
Tata Steel,155.25
Tata Steel BSL,85.35
Tata Steel Long,829.95
Tata Technologies,1094.45
Tata Tele (Maha),87.85
Tatia Global Venn,6.39
Tatva Chintan,1225.2
Tavernier Resources,26.58
Tayo Rolls,0
TBZ,122.55
TCC Concept,508.65
TCFC Finance,65.19
TCI,828.1
TCI Developers,389
TCI Express,1134.95
TCI Finance,5.85
TCI Industries,1335
TCM,59.4
TCNS Clothing Co,389.4
TCPL Packaging,2215.1
TCS,4107.1
TD Power Systems,295.4
TeamLease Services,2971.75
Tech Mahindra,1272.5
TechIndia Nirman,31.2
Techno Electric,746.8
Technocraft Inds,1895.65
Technofab Eng.,6.15
TechNVision,1129.4
Teesta Agro,95
Tega Industries,1147.6
Tejas Networks,753.15
Tejassvi Aaharam,79.48
Tejnaksh Healthcare,28.57
Tejnaksh Healthcare,28.57
TeleCanor Global,6.46
Tembo Global Inds,288.45
Tera Software,59.2
Terai Tea Co,97.54
Terrascope Ventures,2.47
Texel Industries,51.02
TEXELINPP,26.65
Texmaco Infra,112.7
Texmaco Rail,190.8
Texmo Pipes,95.3
TFCI,239
TGB Banquets,17.3
TGV SRAAC,0
Thacker & Co,732
Thakkers Developer,188.75
Thanga Mayil Jewel,1355.3
The Federal Bank,153.4
The Indian Link,187.6
The Indian Link,187.6
The Western Indian,184.55
Thejo Engg,2727.3
Themis Medicare,257.6
Themis Medicare,257.6
Thermax,3666.6
Thinkink Picturez,77.28
Thirani Projects,3.83
Thirdwave Financial,42.56
Thirumalai Chemicals,256.4
Thomas Cook India,163
Thomas Scott India,348.9
Thyrocare Tech,680.5
Tiaan Consumer,2.98
Tide Water Oil,1663.9
Tierra Agrotech,67.83
Tiger Logistics,690.4
Tijaria Polypipes,12.1
TIL,566.05
Tilak Venture-x,3
Tilak Ventures,7.25
Tilaknagar Inds,215.85
Time Technoplast,222.35
Times Green Ener,82
Times Guaranty,108.85
Timex Group,0
Timken India,2750.8
Tine Agro,370
Tine Agro,370
Tinna Rubber,744.85
Tinna Trade,79.29
Tinplate Company,430.5
Tips Films,719.25
Tips Industries,502.3
Tips Industries,502.3
Tirth Plastic,51.4
Tirupati Foam,75
Tirupati Forge,18.65
Tirupati Sarjan,15.8
Tirupati Starch,161.15
Tirupati Tyres,85.97
Titagarh Railsystems,945.1
Titan,3764.1
Titan Biotech,562.45
Titan Intech,105.95
Titan Securities,33.14
TMSML,20.61
TMT,0
TN Newsprint,274.9
TN Petro Products,94.45
TN Telecommunication,12.8
Tokyo Finance,19.29
Tokyo Plast Intl,110.65
Torrent Pharma,2691.5
Torrent Power,1149.15
Total Transport,115.65
Touchwood Enter,152.95
Towa Sokki,173.75
Toyam Sports,6.14
TPI India,0
TPL Plastech,67.55
Tracxn Technologies,98.4
Trade-Wings,48
Tradewell Hldg,42.65
Trans Asia Corp.,3.2
Trans Freight,0
Trans Ind Hous Impex,39.1
Transchem,0
Transcorp Intl,41.69
Transformers India,345
Transgene Biotek,10.74
Transglobe Foods,124.8
Transindia Real Est,56.4
Transpact Entr,414.9
Transpek Industry,0
Transwarranty Fin,11.35
Tranway Technologies,8
TRC Financial,25.63
Tree House Education,28.3
Trejhara Solutions,167.25
Trekkingtoes.com,29.2
Trent,3909.6
Trescon,17.5
TRF,478.25
Tricom Fruit Product,1.48
Trident,42.5
Trident Texofab,57.31
Trident Tools,7.05
Tridev Infraestate,2.49
Trigyn Technologies,125.55
Trimurthi,12.85
Trinity League,17.95
Trio Mercantile,1.08
Trishakti Industries,61.27
Trishakti Industries,61.27
Triton Corp,0
Triton Valves,3192.25
Triveni Engg,329.35
Triveni Enterprises,1.67
Triveni Glass,0
Triveni Turbine,514.15
TruCap Finance,69.05
TSIL,14.36
TT,114.25
TTI Enterprise,16.94
TTK Healthcare,1489.65
TTK Prestige,742.75
Tube Investments,3759
Tulip Star Hotels,38.5
Tulive Developers,362.4
Tulsyan NEC,98.18
Tuni Textile Mills,1.97
Tuticorin Alkali,0
TV Today Network,246
TV Vision,7.3
TV18 Broadcast,58.9
TVS Electronics,319.7
TVS Holdings,9430.35
TVS Motor Company,2253.05
TVS Srichakra,4371.9
TVS Supply Chain Sol,183.9
Tyche Industries,185.95
Typhoon Finl. Serv.,18.95
Tyroon Tea,95.4
UCAL,165.7
UCO Bank,57.75
Udaipur Cement,31.75
Uday Jewellery,180
Udayshivakumar Infra,61.7
Uflex,432.6
UFO Moviez India,143.7
Ugar Sugar Works,81.8
Ugro Capital,269.85
UH Zaveri,53.27
Ujaas Energy,2.25
Ujjivan Financial,547.65
Ujjivan Small Fin,53.3
Ultracab India,17.76
Ultramarine,0
UltraTech Cement,10106.35
Uma Exports,92.5
Umang Dairies,101.75
Umiya Tubes,7.36
Uni-Abex Alloy,3344.3
Unichem Laboratories,524.6
Unick Fix-A-Form,57
Unifinz Capital Ind,45.76
Uniinfo Telecom,50.25
Unijolly Investments,4.55
Union Bank of India,146.95
Union Quality Plastics,13.49
Uniparts India,580.7
Uniphos Enterprises,141.5
Uniply,4
Uniply Decor,2.5
Unique Organics,121.65
Uniroyal Industries,27.75
Uniroyal Marine,12.36
Unison Metals,22.55
Unistar Multimedia,11.61
Unitech Intl,6.44
United Breweries,1707.7
United Credit,22.57
United Drilling,284.9
United Interactive,55.82
United Nilgiri,356.8
United Polyfab,111.65
United Spirits,1167
United Textiles,18.68
Univa Foods,6.65
Univastu India,144.85
Universal Arts,2.14
Universal Auto,181.15
Universal Cables,445.45
Universal Office,4.68
Universal Prime Alum,3.14
Universal Starch,157.8
Universus Photo,405.8
Uniworth,0
Unjha Formulations,21.1
UNO Minda,662.75
UP Hotels,1409.4
Updater Services,359.45
UPL,476.05
Upsurge Investment,44.38
UR Sugar Industries,15
Uravi T & Wedge,299
Urja Global,24.05
USG Tech Solutions,7.91
Usha Martin,325.1
Usha Martin Edu,6
Ushakiran Finance,24.98
Ushdev International,0
UTI AMC,905.75
Utique Enterprises,0
Utkarsh Small Fin.,53
UTL Industries,2.2
Uttam Galva Steels,3.45
Uttam Sugar Mills,347.4
UVDHL,287.95
UY Fincorp,27.82
V Guard Industries,341.85
V-Mart Retail,1937.75
V2 Retail,372.5
Va Tech Wabag,763.9
Vaarad Ventures,15.49
Vadilal Enterprises,3575.1
Vadilal Industries,3629.5
Vaghani Techno Build,14.17
Vaibhav Global,436.3
Vaishali Pharma,153.9
Vakrangee,25.1
Valencia Nutrition,91.61
Valiant Comm,414.75
Valiant Laboratories,172.45
Valiant Organics,423.2
Vallabh Poly-Plast,3.11
Vallabh Steels,15.58
Valson Industries,32.99
VAMA Industries,5.8
Vamshi Rubber,41.71
Vandana Knitwear,2.8
Vani Commercials,10.28
Vantage Knowledge,178.1
Vapi Enterprise,101
Vardhman Acrylics,63.8
Vardhman Concrete,10.81
Vardhman Holdings,3175.55
Vardhman Polytex,68.8
Vardhman Steel,209.75
Vardhman Textiles,431.2
Variman Global,33
Varroc Engineering,510.15
Varun Beverages,1448.75
Varun Beverages,1448.75
Varun Mercantile,1.03
Vas Infra,4.35
Vascon Engineers,75.35
Vasudhagama Enterprs,17.29
Vasundhara Rasayans,211.95
Vaswani Industries,52.05
Vaxfab Enterprise,12.15
Vaxtex Cotfab,1.35
Vaxtex Cotfab,1.35
VB Desai Financial,0
VB Industries,7.5
VCL,4.25
VCU Data Management,7.42
VDC,629.75
Vedant Fashions,1031.15
Vedanta,273.05
Vedavaag Systems,57.38
Veejay Lakshmi Engg,51.41
Veer Energy,25.85
Veeram Securities,9.74
Veerhealth Care,0
Velan Hotels,6.62
Veljan Denison,2412.4
Velox Industries,17.01
Venky's India,1770.55
Venlon Enterprises,0
Ventura Textiles,10.72
Venus Pipes & Tubes,1868.5
Venus Remedies,344.7
Veranda Learning,220.95
Veritas India,824.75
VERTEX,4.4
Vertoz Advertising,879.85
Vesuvius India,3396.9
Veto Switch Gears,141
Viaan Industries,1
Vibrant Global Cap,82.34
Viceroy Hotels,3.6
Victoria Mills,4394.95
Vidhi Specialty,424.1
Vidli Restaurants,74.5
Vijay Solvex,812
Vijay Textiles,24.72
Viji Finance,3.15
Vikalp Securities,25.51
Vikas Ecotech,4.5
Vikas Lifecare,6.1
Vikas Proppant,0.4
Vikas WSP,1.45
Vikram Thermo India,145.45
Viksit Engineering,4.25
Vimta Labs,526.4
Vinati Organics,1637.7
Vinayak Polycon,23.67
Vindhya Telelinks,2404.1
Vineet Laborator,56
Vinny Overseas,5.6
Vinny Overseas,5.6
Vintage Coffee,60.7
Vintage Securities,18.77
Vintron Informatics,36.72
Vinyl Chemicals,388.4
Vinyoflex,133.1
VIP Clothing,42.4
VIP Industries,554.8
Vippy Spin Pro,169
Vipul,31.35
Vipul Organics,200.95
Virat Crane Inds,60.8
Virat Industries,156.45
VIRESCENT,114.4
Virgo Global,9.84
Virinchi,38.95
Virtual Global Edu,1.12
Virtualsoft Systems,5.14
Virya Resources,750
Visa Steel,19.1
Visagar Financial,0.91
Visagar Polytex,1.25
Visaka Industries,133.5
Visaka Industries,133.5
Visco Trade Asso,280.9
Vishal Bearings,149.4
Vishal Fabrics,22.05
Vishnu Chemicals,301.5
Vishnu Chemicals,301.5
Vishnu Prakash R,177.5
Vishvas Projects,1.2
Vishwaraj Sugar,17.65
Vision Cinemas,2.55
Vista Pharms,14.5
Vistar Amar,250.5
Vitesse Agro,14.88
Vivanta Industries,4.38
Vivanta Industries,4.38
Vivanza Biosciences,8.35
Vivanza Biosciences,8.35
Vivid Global Inds,20.02
Vivid Mercantile,81.5
Vivimed Labs,4.95
Vivo Bio Tech,43.93
VJTF Eduservices,145.25
VKJ Infra Developers,0.52
VL E-Governance & IT,73.05
VLS Finance,278.95
VMS Industries,53.01
Vodafone Idea,14.55
Voith Paper Fabrics,0
Voltaire Leasing,14.88
Voltamp Transformers,8884.95
Voltas,1109.85
VRL Logistics,571.3
VSF Projects,62.58
VST Industries,3708.75
VST Tillers Tractors,3260.35
VTM,0
Vuenow Infratech,6.04
VVL,97.5
VXL Instruments,0
W. H. Brady & Co,554.35
Waaree Renewables,6127
Wagend Infra,0.93
Walchand Peoplefirst,234.75
Walchandnagar Inds,253.05
Wallfort Financial,126.65
Wanbury,163.1
Wardwizard Foods&Bev,21.39
Wardwizard Inn-b,11.77
Wardwizard Innov,70.06
Warren Tea,0
Waterbase,74.9
We Win,76.55
Wealth First,476.65
Websol Energy System,399.35
Weizmann,108.1
Welcast Steels,1510
Welcure Drugs,4.5
Wellesley Corp.,204.3
Welspun Corp,540.6
Welspun Enterprises,334
Welspun Investments,698.9
Welspun Living,156.45
Welspun Specialty,0
Welterman Intl,18.1
Wendt India,12907
WeP Solutions,39.52
West Coast Paper,655.4
West Leisure,176.15
Westlife Development,758.1
Wheels India,638.75
Wherrelz IT Solution,133.35
Whirlpool of India,1245.2
White Organic Agro,10.45
White Organic Retail,7.76
Whitehall Comrcl,0.02
Williamson Financial,8.03
Williamson Magor,33.45
Wim Plast,0
Windlas Biotech,580.1
Windsor Machines,88.1
Winpro Industrie,2.6
Winsome Breweries,22.8
Winsome Textile Inds,88.19
Winsome Yarns,3.55
Wipro,522.85
Wires & Fabriks,176.9
Wockhardt,610.7
Wonder Electricals,515.8
Wonderla Holidays,936.3
Woodsvilla,8.93
Worldwide Aluminium,16.62
Worth Investment,268
Worth Peripherals,113.95
WPIL,3310.25
WS Industries India,150.35
WSFX Global Pay,80.69
Xchanging Solutions,141.2
Xelpmoc Design,128.15
Xpro India,1248.05
Xtglobal Infotech,40.88
Yaan Enterprises,39.49
Yaari Digital,9.45
Yamini Investments,1.03
Yamuna Syndicate,26500
Yarn Syndicate,29.2
Yash Chemex,66.56
Yash Innoventure,28.48
Yash Management,15.97
Yash Trading & Fin,19.4
Yasho Industries,2055.85
Yashraj Containeurs,8.9
Yatharth Hospital,460.65
Yatra Online,168.2
Yes Bank,25.25
Yogi,51.01
Yogi Infra Projects,5.19
York Exports,44.64
Yuken India,834.5
Yunik Managing Adv.,12.04
Yuranus Infra,79.99
Yuvraaj Hygiene,1.55
Zaggle Prepaid Ocean,358.4
Zeal Aqua,11.85
Zee Entertainment,158.4
Zee Learn,8.3
Zee Media Corp,13.5
Zen Technologies,954.55
Zenith Exports,185.35
Zenith Fibres,84.21
Zenith Healthcare,4.85
Zenith Steel Pipes,9.55
Zenlabs Ethica,46
Zenotech Labs,68.74
Zensar Technologies,549.95
ZF Commercial,14880.1
ZF Steering Gear,0
Zicom Electn.Sec Sys,1.6
Zim Laboratories,106.8
Zodiac Clothing Co,135.75
Zodiac Energy,417.1
Zodiac Ventures,15.41
Zodiac-JRD-MKJ,31.95
Zomato,167.65
Zota Health Care,518.25
Zuari Agro Chem,212.6
Zuari Industries,299.15
Zydus,921.7
Zydus Wellness,1579.95
